[{"model": "admin.logentry", "pk": 1, "fields": {"action_time": "2021-12-24T05:37:45.147Z", "user": 1, "content_type": 6, "object_id": "1", "object_repr": "FASHION", "action_flag": 1, "change_message": "[{\"added\": {}}]"}}, {"model": "admin.logentry", "pk": 2, "fields": {"action_time": "2021-12-24T06:02:40.632Z", "user": 1, "content_type": 7, "object_id": "1", "object_repr": "MENS FASHION", "action_flag": 1, "change_message": "[{\"added\": {}}]"}}, {"model": "admin.logentry", "pk": 3, "fields": {"action_time": "2021-12-24T06:03:01.139Z", "user": 1, "content_type": 7, "object_id": "2", "object_repr": "WOMENS FASHION", "action_flag": 1, "change_message": "[{\"added\": {}}]"}}, {"model": "admin.logentry", "pk": 4, "fields": {"action_time": "2021-12-24T06:03:20.456Z", "user": 1, "content_type": 7, "object_id": "3", "object_repr": "KIDS FASHION", "action_flag": 1, "change_message": "[{\"added\": {}}]"}}, {"model": "admin.logentry", "pk": 5, "fields": {"action_time": "2021-12-24T06:04:34.180Z", "user": 1, "content_type": 8, "object_id": "1", "object_repr": "WATCHES", "action_flag": 1, "change_message": "[{\"added\": {}}]"}}, {"model": "admin.logentry", "pk": 6, "fields": {"action_time": "2021-12-24T06:04:52.481Z", "user": 1, "content_type": 8, "object_id": "2", "object_repr": "SHIRTS", "action_flag": 1, "change_message": "[{\"added\": {}}]"}}, {"model": "admin.logentry", "pk": 7, "fields": {"action_time": "2021-12-24T06:05:04.912Z", "user": 1, "content_type": 8, "object_id": "3", "object_repr": "PANTS", "action_flag": 1, "change_message": "[{\"added\": {}}]"}}, {"model": "admin.logentry", "pk": 8, "fields": {"action_time": "2021-12-24T06:05:26.817Z", "user": 1, "content_type": 9, "object_id": "1", "object_repr": "RADO", "action_flag": 1, "change_message": "[{\"added\": {}}]"}}, {"model": "admin.logentry", "pk": 9, "fields": {"action_time": "2021-12-24T06:05:54.512Z", "user": 1, "content_type": 9, "object_id": "2", "object_repr": "APPLE", "action_flag": 1, "change_message": "[{\"added\": {}}]"}}, {"model": "admin.logentry", "pk": 10, "fields": {"action_time": "2021-12-24T06:06:57.878Z", "user": 1, "content_type": 10, "object_id": "1", "object_repr": "WHITE", "action_flag": 1, "change_message": "[{\"added\": {}}]"}}, {"model": "admin.logentry", "pk": 11, "fields": {"action_time": "2021-12-24T06:09:33.459Z", "user": 1, "content_type": 7, "object_id": "1", "object_repr": "MENS FASHION", "action_flag": 2, "change_message": "[{\"changed\": {\"fields\": [\"Image\"]}}]"}}, {"model": "admin.logentry", "pk": 12, "fields": {"action_time": "2021-12-24T06:09:37.676Z", "user": 1, "content_type": 7, "object_id": "1", "object_repr": "MENS FASHION", "action_flag": 2, "change_message": "[]"}}, {"model": "admin.logentry", "pk": 13, "fields": {"action_time": "2021-12-24T06:09:53.977Z", "user": 1, "content_type": 7, "object_id": "2", "object_repr": "WOMENS FASHION", "action_flag": 2, "change_message": "[{\"changed\": {\"fields\": [\"Image\"]}}]"}}, {"model": "admin.logentry", "pk": 14, "fields": {"action_time": "2021-12-24T06:10:08.820Z", "user": 1, "content_type": 7, "object_id": "3", "object_repr": "KIDS FASHION", "action_flag": 2, "change_message": "[{\"changed\": {\"fields\": [\"Image\"]}}]"}}, {"model": "admin.logentry", "pk": 15, "fields": {"action_time": "2021-12-24T06:10:54.627Z", "user": 1, "content_type": 6, "object_id": "2", "object_repr": "beauty", "action_flag": 1, "change_message": "[{\"added\": {}}]"}}, {"model": "admin.logentry", "pk": 16, "fields": {"action_time": "2021-12-24T06:11:42.770Z", "user": 1, "content_type": 7, "object_id": "4", "object_repr": "make up", "action_flag": 1, "change_message": "[{\"added\": {}}]"}}, {"model": "admin.logentry", "pk": 17, "fields": {"action_time": "2021-12-24T06:21:07.485Z", "user": 1, "content_type": 9, "object_id": "1", "object_repr": "RADO", "action_flag": 2, "change_message": "[{\"changed\": {\"fields\": [\"Name\"]}}]"}}, {"model": "admin.logentry", "pk": 18, "fields": {"action_time": "2021-12-24T06:21:16.794Z", "user": 1, "content_type": 9, "object_id": "2", "object_repr": "APPLE", "action_flag": 2, "change_message": "[{\"changed\": {\"fields\": [\"Name\"]}}]"}}, {"model": "admin.logentry", "pk": 19, "fields": {"action_time": "2021-12-24T06:21:35.507Z", "user": 1, "content_type": 11, "object_id": "1", "object_repr": "Offer object (1)", "action_flag": 1, "change_message": "[{\"added\": {}}]"}}, {"model": "admin.logentry", "pk": 20, "fields": {"action_time": "2021-12-24T07:12:54.509Z", "user": 1, "content_type": 6, "object_id": "1", "object_repr": "fashion", "action_flag": 2, "change_message": "[{\"changed\": {\"fields\": [\"Name\", \"Title\"]}}]"}}, {"model": "admin.logentry", "pk": 21, "fields": {"action_time": "2021-12-24T07:13:04.813Z", "user": 1, "content_type": 6, "object_id": "3", "object_repr": "brand", "action_flag": 1, "change_message": "[{\"added\": {}}]"}}, {"model": "admin.logentry", "pk": 22, "fields": {"action_time": "2021-12-24T07:13:16.132Z", "user": 1, "content_type": 6, "object_id": "4", "object_repr": "electronics", "action_flag": 1, "change_message": "[{\"added\": {}}]"}}, {"model": "admin.logentry", "pk": 23, "fields": {"action_time": "2021-12-24T07:13:44.101Z", "user": 1, "content_type": 6, "object_id": "5", "object_repr": "petsupply", "action_flag": 1, "change_message": "[{\"added\": {}}]"}}, {"model": "admin.logentry", "pk": 24, "fields": {"action_time": "2021-12-24T07:18:16.704Z", "user": 1, "content_type": 6, "object_id": "6", "object_repr": "offer", "action_flag": 1, "change_message": "[{\"added\": {}}]"}}, {"model": "admin.logentry", "pk": 25, "fields": {"action_time": "2021-12-24T07:18:42.090Z", "user": 1, "content_type": 6, "object_id": "7", "object_repr": "automoto", "action_flag": 1, "change_message": "[{\"added\": {}}]"}}, {"model": "admin.logentry", "pk": 26, "fields": {"action_time": "2021-12-24T07:18:48.439Z", "user": 1, "content_type": 6, "object_id": "8", "object_repr": "automoto", "action_flag": 1, "change_message": "[{\"added\": {}}]"}}, {"model": "admin.logentry", "pk": 27, "fields": {"action_time": "2021-12-24T07:19:44.591Z", "user": 1, "content_type": 6, "object_id": "8", "object_repr": "household", "action_flag": 2, "change_message": "[{\"changed\": {\"fields\": [\"Name\", \"Title\", \"Description\"]}}]"}}, {"model": "admin.logentry", "pk": 28, "fields": {"action_time": "2021-12-27T04:03:42.028Z", "user": 1, "content_type": 6, "object_id": "9", "object_repr": "sport", "action_flag": 1, "change_message": "[{\"added\": {}}]"}}, {"model": "admin.logentry", "pk": 29, "fields": {"action_time": "2021-12-27T04:19:04.105Z", "user": 1, "content_type": 8, "object_id": "4", "object_repr": "T-shirt", "action_flag": 1, "change_message": "[{\"added\": {}}]"}}, {"model": "admin.logentry", "pk": 30, "fields": {"action_time": "2021-12-27T04:22:39.806Z", "user": 1, "content_type": 8, "object_id": "4", "object_repr": "T-shirt", "action_flag": 2, "change_message": "[{\"changed\": {\"fields\": [\"Image\"]}}]"}}, {"model": "admin.logentry", "pk": 31, "fields": {"action_time": "2021-12-27T04:22:52.548Z", "user": 1, "content_type": 8, "object_id": "1", "object_repr": "WATCHES", "action_flag": 2, "change_message": "[{\"changed\": {\"fields\": [\"Image\"]}}]"}}, {"model": "admin.logentry", "pk": 32, "fields": {"action_time": "2021-12-27T04:22:58.174Z", "user": 1, "content_type": 8, "object_id": "1", "object_repr": "WATCHES", "action_flag": 2, "change_message": "[]"}}, {"model": "admin.logentry", "pk": 33, "fields": {"action_time": "2021-12-27T04:23:53.547Z", "user": 1, "content_type": 8, "object_id": "2", "object_repr": "SHIRTS", "action_flag": 2, "change_message": "[{\"changed\": {\"fields\": [\"Image\"]}}]"}}, {"model": "admin.logentry", "pk": 34, "fields": {"action_time": "2021-12-27T04:24:53.091Z", "user": 1, "content_type": 8, "object_id": "3", "object_repr": "PANTS", "action_flag": 2, "change_message": "[{\"changed\": {\"fields\": [\"Image\"]}}]"}}, {"model": "admin.logentry", "pk": 35, "fields": {"action_time": "2021-12-27T04:28:52.748Z", "user": 1, "content_type": 8, "object_id": "5", "object_repr": "foot wear", "action_flag": 1, "change_message": "[{\"added\": {}}]"}}, {"model": "admin.logentry", "pk": 36, "fields": {"action_time": "2021-12-27T04:33:10.988Z", "user": 1, "content_type": 8, "object_id": "6", "object_repr": "accessories", "action_flag": 1, "change_message": "[{\"added\": {}}]"}}, {"model": "admin.logentry", "pk": 37, "fields": {"action_time": "2021-12-27T04:34:13.917Z", "user": 1, "content_type": 8, "object_id": "7", "object_repr": "saree", "action_flag": 1, "change_message": "[{\"added\": {}}]"}}, {"model": "admin.logentry", "pk": 38, "fields": {"action_time": "2021-12-27T04:36:08.538Z", "user": 1, "content_type": 8, "object_id": "8", "object_repr": "pants&leggins", "action_flag": 1, "change_message": "[{\"added\": {}}]"}}, {"model": "admin.logentry", "pk": 39, "fields": {"action_time": "2021-12-27T04:37:25.680Z", "user": 1, "content_type": 8, "object_id": "9", "object_repr": "watches", "action_flag": 1, "change_message": "[{\"added\": {}}]"}}, {"model": "admin.logentry", "pk": 40, "fields": {"action_time": "2021-12-27T04:40:25.912Z", "user": 1, "content_type": 8, "object_id": "10", "object_repr": "Foot Wear", "action_flag": 1, "change_message": "[{\"added\": {}}]"}}, {"model": "admin.logentry", "pk": 41, "fields": {"action_time": "2021-12-27T04:44:53.518Z", "user": 1, "content_type": 8, "object_id": "11", "object_repr": "kidsShirt", "action_flag": 1, "change_message": "[{\"added\": {}}]"}}, {"model": "admin.logentry", "pk": 42, "fields": {"action_time": "2021-12-27T04:46:16.058Z", "user": 1, "content_type": 8, "object_id": "12", "object_repr": "footwear", "action_flag": 1, "change_message": "[{\"added\": {}}]"}}, {"model": "admin.logentry", "pk": 43, "fields": {"action_time": "2021-12-27T04:47:02.390Z", "user": 1, "content_type": 8, "object_id": "13", "object_repr": "Toys", "action_flag": 1, "change_message": "[{\"added\": {}}]"}}, {"model": "admin.logentry", "pk": 44, "fields": {"action_time": "2021-12-27T04:48:50.061Z", "user": 1, "content_type": 8, "object_id": "14", "object_repr": "kids care", "action_flag": 1, "change_message": "[{\"added\": {}}]"}}, {"model": "admin.logentry", "pk": 45, "fields": {"action_time": "2021-12-27T07:17:20.938Z", "user": 1, "content_type": 6, "object_id": "10", "object_repr": "TEst", "action_flag": 3, "change_message": ""}}, {"model": "admin.logentry", "pk": 46, "fields": {"action_time": "2021-12-27T07:23:59.468Z", "user": 1, "content_type": 7, "object_id": "5", "object_repr": "skincare", "action_flag": 1, "change_message": "[{\"added\": {}}]"}}, {"model": "admin.logentry", "pk": 47, "fields": {"action_time": "2021-12-27T07:29:54.012Z", "user": 1, "content_type": 7, "object_id": "6", "object_repr": "haid care", "action_flag": 1, "change_message": "[{\"added\": {}}]"}}, {"model": "admin.logentry", "pk": 48, "fields": {"action_time": "2021-12-27T07:30:45.068Z", "user": 1, "content_type": 7, "object_id": "7", "object_repr": "Fragrence", "action_flag": 1, "change_message": "[{\"added\": {}}]"}}, {"model": "admin.logentry", "pk": 49, "fields": {"action_time": "2021-12-27T07:31:45.417Z", "user": 1, "content_type": 7, "object_id": "8", "object_repr": "Foot, Hand & Nail Care", "action_flag": 1, "change_message": "[{\"added\": {}}]"}}, {"model": "admin.logentry", "pk": 50, "fields": {"action_time": "2021-12-27T07:32:03.687Z", "user": 1, "content_type": 7, "object_id": "9", "object_repr": "Tools & Accessories", "action_flag": 1, "change_message": "[{\"added\": {}}]"}}, {"model": "admin.logentry", "pk": 51, "fields": {"action_time": "2021-12-27T07:32:30.706Z", "user": 1, "content_type": 7, "object_id": "10", "object_repr": "Shave & Hair Removal", "action_flag": 1, "change_message": "[{\"added\": {}}]"}}, {"model": "admin.logentry", "pk": 52, "fields": {"action_time": "2021-12-27T07:32:54.996Z", "user": 1, "content_type": 7, "object_id": "11", "object_repr": "Personal Care", "action_flag": 1, "change_message": "[{\"added\": {}}]"}}, {"model": "admin.logentry", "pk": 53, "fields": {"action_time": "2021-12-27T08:55:14.592Z", "user": 1, "content_type": 8, "object_id": "15", "object_repr": "Hair Accessories", "action_flag": 1, "change_message": "[{\"added\": {}}]"}}, {"model": "admin.logentry", "pk": 54, "fields": {"action_time": "2021-12-27T08:55:29.196Z", "user": 1, "content_type": 8, "object_id": "16", "object_repr": "Hair Coloring Products", "action_flag": 1, "change_message": "[{\"added\": {}}]"}}, {"model": "admin.logentry", "pk": 55, "fields": {"action_time": "2021-12-27T08:55:56.161Z", "user": 1, "content_type": 8, "object_id": "17", "object_repr": "Hair Cutting Tools", "action_flag": 1, "change_message": "[{\"added\": {}}]"}}, {"model": "admin.logentry", "pk": 56, "fields": {"action_time": "2021-12-27T08:56:18.728Z", "user": 1, "content_type": 8, "object_id": "18", "object_repr": "Hair Extensions", "action_flag": 1, "change_message": "[{\"added\": {}}]"}}, {"model": "admin.logentry", "pk": 57, "fields": {"action_time": "2021-12-27T08:57:48.486Z", "user": 1, "content_type": 8, "object_id": "19", "object_repr": "Wigs & Accessories", "action_flag": 1, "change_message": "[{\"added\": {}}]"}}, {"model": "admin.logentry", "pk": 58, "fields": {"action_time": "2021-12-27T08:58:07.225Z", "user": 1, "content_type": 8, "object_id": "20", "object_repr": "Hair Loss Products", "action_flag": 1, "change_message": "[{\"added\": {}}]"}}, {"model": "admin.logentry", "pk": 59, "fields": {"action_time": "2021-12-27T08:58:22.611Z", "user": 1, "content_type": 8, "object_id": "21", "object_repr": "Hair Masks-Hair Perms", "action_flag": 1, "change_message": "[{\"added\": {}}]"}}, {"model": "admin.logentry", "pk": 60, "fields": {"action_time": "2021-12-27T08:58:43.672Z", "user": 1, "content_type": 8, "object_id": "22", "object_repr": "Relaxers & Texturizers", "action_flag": 1, "change_message": "[{\"added\": {}}]"}}, {"model": "admin.logentry", "pk": 61, "fields": {"action_time": "2021-12-27T08:59:03.577Z", "user": 1, "content_type": 8, "object_id": "23", "object_repr": "Hair Treatment Oils", "action_flag": 1, "change_message": "[{\"added\": {}}]"}}, {"model": "admin.logentry", "pk": 62, "fields": {"action_time": "2021-12-27T08:59:22.496Z", "user": 1, "content_type": 8, "object_id": "24", "object_repr": "Scalp Treatments", "action_flag": 1, "change_message": "[{\"added\": {}}]"}}, {"model": "admin.logentry", "pk": 63, "fields": {"action_time": "2021-12-27T09:28:37.389Z", "user": 1, "content_type": 8, "object_id": "1", "object_repr": "watches", "action_flag": 2, "change_message": "[{\"changed\": {\"fields\": [\"Name\"]}}]"}}, {"model": "admin.logentry", "pk": 64, "fields": {"action_time": "2021-12-30T04:26:50.281Z", "user": 1, "content_type": 9, "object_id": "3", "object_repr": "Product Nameddd", "action_flag": 1, "change_message": "[{\"added\": {}}]"}}, {"model": "admin.logentry", "pk": 65, "fields": {"action_time": "2021-12-30T04:27:07.093Z", "user": 1, "content_type": 9, "object_id": "4", "object_repr": "Product Namedw", "action_flag": 1, "change_message": "[{\"added\": {}}]"}}, {"model": "admin.logentry", "pk": 66, "fields": {"action_time": "2021-12-30T04:27:28.339Z", "user": 1, "content_type": 9, "object_id": "5", "object_repr": "Product vdf Name", "action_flag": 1, "change_message": "[{\"added\": {}}]"}}, {"model": "admin.logentry", "pk": 67, "fields": {"action_time": "2021-12-30T04:27:43.406Z", "user": 1, "content_type": 9, "object_id": "6", "object_repr": "Product Namefd", "action_flag": 1, "change_message": "[{\"added\": {}}]"}}, {"model": "admin.logentry", "pk": 68, "fields": {"action_time": "2021-12-30T04:27:56.387Z", "user": 1, "content_type": 9, "object_id": "7", "object_repr": "Product Namefdrggrtg", "action_flag": 1, "change_message": "[{\"added\": {}}]"}}, {"model": "admin.logentry", "pk": 69, "fields": {"action_time": "2021-12-30T04:28:10.472Z", "user": 1, "content_type": 9, "object_id": "8", "object_repr": "Product Namefdgd", "action_flag": 1, "change_message": "[{\"added\": {}}]"}}, {"model": "admin.logentry", "pk": 70, "fields": {"action_time": "2021-12-30T04:28:21.373Z", "user": 1, "content_type": 9, "object_id": "9", "object_repr": "Product Namefgfg", "action_flag": 1, "change_message": "[{\"added\": {}}]"}}, {"model": "admin.logentry", "pk": 71, "fields": {"action_time": "2021-12-30T04:28:36.478Z", "user": 1, "content_type": 9, "object_id": "10", "object_repr": "Product Name", "action_flag": 1, "change_message": "[{\"added\": {}}]"}}, {"model": "admin.logentry", "pk": 72, "fields": {"action_time": "2021-12-30T04:28:50.803Z", "user": 1, "content_type": 9, "object_id": "11", "object_repr": "Product Namegrfdg", "action_flag": 1, "change_message": "[{\"added\": {}}]"}}, {"model": "admin.logentry", "pk": 73, "fields": {"action_time": "2021-12-30T04:29:11.278Z", "user": 1, "content_type": 9, "object_id": "12", "object_repr": "Product Namexs", "action_flag": 1, "change_message": "[{\"added\": {}}]"}}, {"model": "admin.logentry", "pk": 74, "fields": {"action_time": "2021-12-30T04:29:22.679Z", "user": 1, "content_type": 9, "object_id": "13", "object_repr": "Product Namevdfvd", "action_flag": 1, "change_message": "[{\"added\": {}}]"}}, {"model": "admin.logentry", "pk": 75, "fields": {"action_time": "2021-12-30T04:29:37.939Z", "user": 1, "content_type": 9, "object_id": "14", "object_repr": "Product Namedfd", "action_flag": 1, "change_message": "[{\"added\": {}}]"}}, {"model": "admin.logentry", "pk": 76, "fields": {"action_time": "2021-12-30T04:29:55.711Z", "user": 1, "content_type": 9, "object_id": "15", "object_repr": "Product Namefgbgfh", "action_flag": 1, "change_message": "[{\"added\": {}}]"}}, {"model": "admin.logentry", "pk": 77, "fields": {"action_time": "2021-12-30T04:30:09.146Z", "user": 1, "content_type": 9, "object_id": "16", "object_repr": "Product Name", "action_flag": 1, "change_message": "[{\"added\": {}}]"}}, {"model": "admin.logentry", "pk": 78, "fields": {"action_time": "2021-12-30T04:30:24.959Z", "user": 1, "content_type": 9, "object_id": "17", "object_repr": "Product Name", "action_flag": 1, "change_message": "[{\"added\": {}}]"}}, {"model": "admin.logentry", "pk": 79, "fields": {"action_time": "2021-12-30T04:30:38.224Z", "user": 1, "content_type": 9, "object_id": "18", "object_repr": "Product Namefdg", "action_flag": 1, "change_message": "[{\"added\": {}}]"}}, {"model": "admin.logentry", "pk": 80, "fields": {"action_time": "2021-12-30T04:30:55.065Z", "user": 1, "content_type": 9, "object_id": "19", "object_repr": "Product Namefdg", "action_flag": 1, "change_message": "[{\"added\": {}}]"}}, {"model": "admin.logentry", "pk": 81, "fields": {"action_time": "2021-12-30T04:31:10.232Z", "user": 1, "content_type": 9, "object_id": "20", "object_repr": "Product Namesasd", "action_flag": 1, "change_message": "[{\"added\": {}}]"}}, {"model": "admin.logentry", "pk": 82, "fields": {"action_time": "2021-12-30T04:31:22.739Z", "user": 1, "content_type": 9, "object_id": "21", "object_repr": "Product Name", "action_flag": 1, "change_message": "[{\"added\": {}}]"}}, {"model": "admin.logentry", "pk": 83, "fields": {"action_time": "2021-12-30T04:31:55.224Z", "user": 1, "content_type": 9, "object_id": "22", "object_repr": "Product Namedgreg", "action_flag": 1, "change_message": "[{\"added\": {}}]"}}, {"model": "admin.logentry", "pk": 84, "fields": {"action_time": "2021-12-30T04:32:09.807Z", "user": 1, "content_type": 9, "object_id": "23", "object_repr": "Product Namesawsd", "action_flag": 1, "change_message": "[{\"added\": {}}]"}}, {"model": "admin.logentry", "pk": 85, "fields": {"action_time": "2021-12-30T04:32:26.995Z", "user": 1, "content_type": 9, "object_id": "24", "object_repr": "Product Namesdsr34 45tygrsjhr46", "action_flag": 1, "change_message": "[{\"added\": {}}]"}}, {"model": "admin.logentry", "pk": 86, "fields": {"action_time": "2021-12-30T04:32:38.550Z", "user": 1, "content_type": 9, "object_id": "25", "object_repr": "Product Name", "action_flag": 1, "change_message": "[{\"added\": {}}]"}}, {"model": "admin.logentry", "pk": 87, "fields": {"action_time": "2021-12-30T04:33:08.228Z", "user": 1, "content_type": 9, "object_id": "26", "object_repr": "Product Name", "action_flag": 1, "change_message": "[{\"added\": {}}]"}}, {"model": "admin.logentry", "pk": 88, "fields": {"action_time": "2021-12-30T04:33:32.989Z", "user": 1, "content_type": 9, "object_id": "27", "object_repr": "Product Namedsf", "action_flag": 1, "change_message": "[{\"added\": {}}]"}}, {"model": "admin.logentry", "pk": 89, "fields": {"action_time": "2021-12-30T04:33:49.510Z", "user": 1, "content_type": 9, "object_id": "28", "object_repr": "Product Names", "action_flag": 1, "change_message": "[{\"added\": {}}]"}}, {"model": "admin.logentry", "pk": 90, "fields": {"action_time": "2021-12-30T04:34:07.595Z", "user": 1, "content_type": 9, "object_id": "29", "object_repr": "Product Namedfscds", "action_flag": 1, "change_message": "[{\"added\": {}}]"}}, {"model": "admin.logentry", "pk": 91, "fields": {"action_time": "2021-12-30T04:34:49.445Z", "user": 1, "content_type": 9, "object_id": "30", "object_repr": "Product Namedrfgf", "action_flag": 1, "change_message": "[{\"added\": {}}]"}}, {"model": "admin.logentry", "pk": 92, "fields": {"action_time": "2021-12-30T04:35:08.201Z", "user": 1, "content_type": 9, "object_id": "31", "object_repr": "Product Nametyu", "action_flag": 1, "change_message": "[{\"added\": {}}]"}}, {"model": "admin.logentry", "pk": 93, "fields": {"action_time": "2021-12-30T04:35:22.879Z", "user": 1, "content_type": 9, "object_id": "32", "object_repr": "Product Nametyujy", "action_flag": 1, "change_message": "[{\"added\": {}}]"}}, {"model": "admin.logentry", "pk": 94, "fields": {"action_time": "2021-12-30T04:35:42.174Z", "user": 1, "content_type": 9, "object_id": "33", "object_repr": "Product Name", "action_flag": 1, "change_message": "[{\"added\": {}}]"}}, {"model": "admin.logentry", "pk": 95, "fields": {"action_time": "2021-12-30T04:48:24.590Z", "user": 1, "content_type": 8, "object_id": "25", "object_repr": "make up cream", "action_flag": 1, "change_message": "[{\"added\": {}}]"}}, {"model": "admin.logentry", "pk": 96, "fields": {"action_time": "2021-12-30T04:48:48.541Z", "user": 1, "content_type": 8, "object_id": "26", "object_repr": "makeup cream", "action_flag": 1, "change_message": "[{\"added\": {}}]"}}, {"model": "admin.logentry", "pk": 97, "fields": {"action_time": "2021-12-30T04:49:07.719Z", "user": 1, "content_type": 8, "object_id": "27", "object_repr": "makeup remover", "action_flag": 1, "change_message": "[{\"added\": {}}]"}}, {"model": "admin.logentry", "pk": 98, "fields": {"action_time": "2021-12-30T04:50:03.426Z", "user": 1, "content_type": 8, "object_id": "25", "object_repr": "make up tools", "action_flag": 2, "change_message": "[{\"changed\": {\"fields\": [\"Name\"]}}]"}}, {"model": "admin.logentry", "pk": 99, "fields": {"action_time": "2021-12-30T05:24:56.139Z", "user": 1, "content_type": 9, "object_id": "34", "object_repr": "Product Name1", "action_flag": 1, "change_message": "[{\"added\": {}}]"}}, {"model": "admin.logentry", "pk": 100, "fields": {"action_time": "2021-12-30T05:25:09.946Z", "user": 1, "content_type": 9, "object_id": "35", "object_repr": "Product Name2", "action_flag": 1, "change_message": "[{\"added\": {}}]"}}, {"model": "admin.logentry", "pk": 101, "fields": {"action_time": "2021-12-30T05:25:23.417Z", "user": 1, "content_type": 9, "object_id": "36", "object_repr": "Product Name3", "action_flag": 1, "change_message": "[{\"added\": {}}]"}}, {"model": "admin.logentry", "pk": 102, "fields": {"action_time": "2021-12-30T05:25:34.493Z", "user": 1, "content_type": 9, "object_id": "37", "object_repr": "Product Name4", "action_flag": 1, "change_message": "[{\"added\": {}}]"}}, {"model": "admin.logentry", "pk": 103, "fields": {"action_time": "2021-12-30T05:25:55.725Z", "user": 1, "content_type": 9, "object_id": "38", "object_repr": "Product Name5", "action_flag": 1, "change_message": "[{\"added\": {}}]"}}, {"model": "admin.logentry", "pk": 104, "fields": {"action_time": "2021-12-30T05:26:09.860Z", "user": 1, "content_type": 9, "object_id": "39", "object_repr": "Product Name21", "action_flag": 1, "change_message": "[{\"added\": {}}]"}}, {"model": "admin.logentry", "pk": 105, "fields": {"action_time": "2021-12-30T05:26:23.272Z", "user": 1, "content_type": 9, "object_id": "40", "object_repr": "Product Namefd", "action_flag": 1, "change_message": "[{\"added\": {}}]"}}, {"model": "admin.logentry", "pk": 106, "fields": {"action_time": "2021-12-30T05:26:36.362Z", "user": 1, "content_type": 9, "object_id": "41", "object_repr": "Product Name", "action_flag": 1, "change_message": "[{\"added\": {}}]"}}, {"model": "admin.logentry", "pk": 107, "fields": {"action_time": "2021-12-30T05:26:49.916Z", "user": 1, "content_type": 9, "object_id": "42", "object_repr": "Product Name657", "action_flag": 1, "change_message": "[{\"added\": {}}]"}}, {"model": "admin.logentry", "pk": 108, "fields": {"action_time": "2021-12-30T05:27:50.394Z", "user": 1, "content_type": 9, "object_id": "43", "object_repr": "Product Name78", "action_flag": 1, "change_message": "[{\"added\": {}}]"}}, {"model": "admin.logentry", "pk": 109, "fields": {"action_time": "2021-12-30T05:28:19.563Z", "user": 1, "content_type": 9, "object_id": "44", "object_repr": "Product Name21", "action_flag": 1, "change_message": "[{\"added\": {}}]"}}, {"model": "admin.logentry", "pk": 110, "fields": {"action_time": "2021-12-30T05:28:30.264Z", "user": 1, "content_type": 9, "object_id": "45", "object_repr": "Product Namewsf", "action_flag": 1, "change_message": "[{\"added\": {}}]"}}, {"model": "admin.logentry", "pk": 111, "fields": {"action_time": "2021-12-30T05:28:41.988Z", "user": 1, "content_type": 9, "object_id": "46", "object_repr": "Product Name232", "action_flag": 1, "change_message": "[{\"added\": {}}]"}}, {"model": "admin.logentry", "pk": 112, "fields": {"action_time": "2021-12-30T05:28:56.031Z", "user": 1, "content_type": 9, "object_id": "47", "object_repr": "Product Name", "action_flag": 1, "change_message": "[{\"added\": {}}]"}}, {"model": "admin.logentry", "pk": 113, "fields": {"action_time": "2021-12-30T05:29:07.092Z", "user": 1, "content_type": 9, "object_id": "48", "object_repr": "Product Name", "action_flag": 1, "change_message": "[{\"added\": {}}]"}}, {"model": "admin.logentry", "pk": 114, "fields": {"action_time": "2021-12-30T05:29:25.353Z", "user": 1, "content_type": 9, "object_id": "49", "object_repr": "Product Name43", "action_flag": 1, "change_message": "[{\"added\": {}}]"}}, {"model": "admin.logentry", "pk": 115, "fields": {"action_time": "2021-12-30T05:47:59.900Z", "user": 1, "content_type": 9, "object_id": "42", "object_repr": "Product Name657", "action_flag": 2, "change_message": "[{\"changed\": {\"fields\": [\"Image\"]}}]"}}, {"model": "admin.logentry", "pk": 116, "fields": {"action_time": "2022-01-04T10:20:02.290Z", "user": 1, "content_type": 9, "object_id": "66", "object_repr": "cotton saree", "action_flag": 2, "change_message": "[{\"changed\": {\"fields\": [\"Brand\", \"Stock\"]}}]"}}, {"model": "admin.logentry", "pk": 117, "fields": {"action_time": "2022-01-04T10:20:11.332Z", "user": 1, "content_type": 9, "object_id": "80", "object_repr": "diaper", "action_flag": 2, "change_message": "[{\"changed\": {\"fields\": [\"Brand\", \"Stock\"]}}]"}}, {"model": "admin.logentry", "pk": 118, "fields": {"action_time": "2022-01-04T13:22:15.175Z", "user": 1, "content_type": 14, "object_id": "2", "object_repr": "Brand object (2)", "action_flag": 1, "change_message": "[{\"added\": {}}]"}}, {"model": "admin.logentry", "pk": 119, "fields": {"action_time": "2022-01-04T13:24:01.070Z", "user": 1, "content_type": 9, "object_id": "58", "object_repr": "jeans pant", "action_flag": 2, "change_message": "[{\"changed\": {\"fields\": [\"Brand\", \"Stock\"]}}]"}}, {"model": "admin.logentry", "pk": 120, "fields": {"action_time": "2022-01-04T14:19:56.316Z", "user": 1, "content_type": 14, "object_id": "2", "object_repr": "Brand object (2)", "action_flag": 2, "change_message": "[]"}}, {"model": "admin.logentry", "pk": 121, "fields": {"action_time": "2022-01-04T14:20:04.639Z", "user": 1, "content_type": 14, "object_id": "1", "object_repr": "Brand object (1)", "action_flag": 2, "change_message": "[{\"changed\": {\"fields\": [\"Is popular\"]}}]"}}, {"model": "admin.logentry", "pk": 122, "fields": {"action_time": "2022-01-05T05:31:48.783Z", "user": 1, "content_type": 7, "object_id": "14", "object_repr": "WOMENS FASHION", "action_flag": 2, "change_message": "[{\"changed\": {\"fields\": [\"Image\"]}}]"}}, {"model": "admin.logentry", "pk": 123, "fields": {"action_time": "2022-01-05T05:33:47.746Z", "user": 1, "content_type": 7, "object_id": "14", "object_repr": "WOMENS FASHION", "action_flag": 2, "change_message": "[{\"changed\": {\"fields\": [\"Image\"]}}]"}}, {"model": "admin.logentry", "pk": 124, "fields": {"action_time": "2022-01-10T10:33:36.380Z", "user": 1, "content_type": 16, "object_id": "22", "object_repr": "WishList object (22)", "action_flag": 3, "change_message": ""}}, {"model": "admin.logentry", "pk": 125, "fields": {"action_time": "2022-01-10T10:33:36.382Z", "user": 1, "content_type": 16, "object_id": "21", "object_repr": "WishList object (21)", "action_flag": 3, "change_message": ""}}, {"model": "admin.logentry", "pk": 126, "fields": {"action_time": "2022-01-10T10:33:36.384Z", "user": 1, "content_type": 16, "object_id": "20", "object_repr": "WishList object (20)", "action_flag": 3, "change_message": ""}}, {"model": "admin.logentry", "pk": 127, "fields": {"action_time": "2022-01-10T10:33:36.385Z", "user": 1, "content_type": 16, "object_id": "19", "object_repr": "WishList object (19)", "action_flag": 3, "change_message": ""}}, {"model": "admin.logentry", "pk": 128, "fields": {"action_time": "2022-01-10T10:33:36.386Z", "user": 1, "content_type": 16, "object_id": "18", "object_repr": "WishList object (18)", "action_flag": 3, "change_message": ""}}, {"model": "admin.logentry", "pk": 129, "fields": {"action_time": "2022-01-10T10:33:36.387Z", "user": 1, "content_type": 16, "object_id": "13", "object_repr": "WishList object (13)", "action_flag": 3, "change_message": ""}}, {"model": "admin.logentry", "pk": 130, "fields": {"action_time": "2022-01-10T10:33:36.388Z", "user": 1, "content_type": 16, "object_id": "11", "object_repr": "WishList object (11)", "action_flag": 3, "change_message": ""}}, {"model": "admin.logentry", "pk": 131, "fields": {"action_time": "2022-01-10T10:33:36.389Z", "user": 1, "content_type": 16, "object_id": "9", "object_repr": "WishList object (9)", "action_flag": 3, "change_message": ""}}, {"model": "admin.logentry", "pk": 132, "fields": {"action_time": "2022-01-10T10:33:36.390Z", "user": 1, "content_type": 16, "object_id": "6", "object_repr": "WishList object (6)", "action_flag": 3, "change_message": ""}}, {"model": "admin.logentry", "pk": 133, "fields": {"action_time": "2022-01-10T10:33:36.392Z", "user": 1, "content_type": 16, "object_id": "5", "object_repr": "WishList object (5)", "action_flag": 3, "change_message": ""}}, {"model": "admin.logentry", "pk": 134, "fields": {"action_time": "2022-01-10T10:33:36.393Z", "user": 1, "content_type": 16, "object_id": "4", "object_repr": "WishList object (4)", "action_flag": 3, "change_message": ""}}, {"model": "admin.logentry", "pk": 135, "fields": {"action_time": "2022-01-10T10:33:36.395Z", "user": 1, "content_type": 16, "object_id": "3", "object_repr": "WishList object (3)", "action_flag": 3, "change_message": ""}}, {"model": "admin.logentry", "pk": 136, "fields": {"action_time": "2022-01-10T10:33:36.396Z", "user": 1, "content_type": 16, "object_id": "1", "object_repr": "WishList object (1)", "action_flag": 3, "change_message": ""}}, {"model": "admin.logentry", "pk": 137, "fields": {"action_time": "2022-01-12T06:02:04.894Z", "user": 1, "content_type": 13, "object_id": "8", "object_repr": "muruganck4you@gmail.com", "action_flag": 3, "change_message": ""}}, {"model": "admin.logentry", "pk": 138, "fields": {"action_time": "2022-01-12T06:02:04.897Z", "user": 1, "content_type": 13, "object_id": "7", "object_repr": "xyz@gmail.com", "action_flag": 3, "change_message": ""}}, {"model": "admin.logentry", "pk": 139, "fields": {"action_time": "2022-01-12T06:02:04.898Z", "user": 1, "content_type": 13, "object_id": "6", "object_repr": "murugan699@gmail.com", "action_flag": 3, "change_message": ""}}, {"model": "admin.logentry", "pk": 140, "fields": {"action_time": "2022-01-12T06:02:04.899Z", "user": 1, "content_type": 13, "object_id": "5", "object_repr": "murugan4699@gmail.com", "action_flag": 3, "change_message": ""}}, {"model": "admin.logentry", "pk": 141, "fields": {"action_time": "2022-01-12T06:02:04.901Z", "user": 1, "content_type": 13, "object_id": "4", "object_repr": "murugan24699@gmail.com", "action_flag": 3, "change_message": ""}}, {"model": "admin.logentry", "pk": 142, "fields": {"action_time": "2022-01-12T06:02:04.902Z", "user": 1, "content_type": 13, "object_id": "3", "object_repr": "yoursdude06june@gmail.com", "action_flag": 3, "change_message": ""}}, {"model": "admin.logentry", "pk": 143, "fields": {"action_time": "2022-01-12T06:02:04.903Z", "user": 1, "content_type": 13, "object_id": "2", "object_repr": "murugan@gmail.com", "action_flag": 3, "change_message": ""}}, {"model": "admin.logentry", "pk": 144, "fields": {"action_time": "2022-01-12T10:31:14.085Z", "user": 1, "content_type": 13, "object_id": "12", "object_repr": "apu@gmail.com", "action_flag": 3, "change_message": ""}}, {"model": "admin.logentry", "pk": 145, "fields": {"action_time": "2022-01-12T10:31:14.087Z", "user": 1, "content_type": 13, "object_id": "11", "object_repr": "xyz@gmail.com", "action_flag": 3, "change_message": ""}}, {"model": "admin.logentry", "pk": 146, "fields": {"action_time": "2022-01-12T10:31:14.089Z", "user": 1, "content_type": 13, "object_id": "10", "object_repr": "murugan24699@gmail.com", "action_flag": 3, "change_message": ""}}, {"model": "admin.logentry", "pk": 147, "fields": {"action_time": "2022-01-12T10:31:14.090Z", "user": 1, "content_type": 13, "object_id": "9", "object_repr": "abc@gmail.com", "action_flag": 3, "change_message": ""}}, {"model": "admin.logentry", "pk": 148, "fields": {"action_time": "2022-01-12T10:49:16.312Z", "user": 1, "content_type": 13, "object_id": "13", "object_repr": "aparna@gmail.com", "action_flag": 3, "change_message": ""}}, {"model": "admin.logentry", "pk": 149, "fields": {"action_time": "2022-01-13T04:05:24.559Z", "user": 1, "content_type": 13, "object_id": "14", "object_repr": "apu@gmail.com", "action_flag": 3, "change_message": ""}}, {"model": "admin.logentry", "pk": 150, "fields": {"action_time": "2022-01-21T04:32:29.488Z", "user": 1, "content_type": 18, "object_id": "39", "object_repr": "cart object (39)", "action_flag": 3, "change_message": ""}}, {"model": "admin.logentry", "pk": 151, "fields": {"action_time": "2022-01-21T04:33:26.330Z", "user": 1, "content_type": 18, "object_id": "41", "object_repr": "cart object (41)", "action_flag": 3, "change_message": ""}}, {"model": "admin.logentry", "pk": 152, "fields": {"action_time": "2022-01-21T04:33:26.333Z", "user": 1, "content_type": 18, "object_id": "40", "object_repr": "cart object (40)", "action_flag": 3, "change_message": ""}}, {"model": "admin.logentry", "pk": 153, "fields": {"action_time": "2022-01-21T05:26:38.252Z", "user": 1, "content_type": 9, "object_id": "92", "object_repr": "Dennis Lingo  shirt", "action_flag": 2, "change_message": "[{\"changed\": {\"fields\": [\"Brand\", \"ProductpriceEuro\", \"ProductpriceDollar\", \"ProductpriceSterling\", \"ProductpriceDirham\", \"ProductpriceSar\", \"Stock\"]}}]"}}, {"model": "admin.logentry", "pk": 154, "fields": {"action_time": "2022-01-21T05:27:06.580Z", "user": 1, "content_type": 9, "object_id": "88", "object_repr": "testing shirt", "action_flag": 2, "change_message": "[{\"changed\": {\"fields\": [\"Brand\", \"ProductpriceEuro\", \"ProductpriceDollar\", \"ProductpriceSterling\", \"ProductpriceDirham\", \"ProductpriceSar\", \"Stock\"]}}]"}}, {"model": "admin.logentry", "pk": 155, "fields": {"action_time": "2022-01-21T05:30:21.422Z", "user": 1, "content_type": 11, "object_id": "6", "object_repr": "Offer object (6)", "action_flag": 2, "change_message": "[{\"changed\": {\"fields\": [\"OfferEuro\", \"OfferDollar\", \"OfferSterling\", \"OfferDirham\", \"OfferSAR\"]}}]"}}, {"model": "admin.logentry", "pk": 156, "fields": {"action_time": "2022-01-21T05:31:17.883Z", "user": 1, "content_type": 11, "object_id": "2", "object_repr": "Offer object (2)", "action_flag": 2, "change_message": "[{\"changed\": {\"fields\": [\"OfferEuro\", \"OfferDollar\", \"OfferSterling\", \"OfferDirham\", \"OfferSAR\"]}}]"}}, {"model": "admin.logentry", "pk": 157, "fields": {"action_time": "2022-01-21T05:31:58.082Z", "user": 1, "content_type": 11, "object_id": "6", "object_repr": "Offer object (6)", "action_flag": 2, "change_message": "[{\"changed\": {\"fields\": [\"OfferEuro\", \"OfferDollar\", \"OfferSterling\", \"OfferDirham\", \"OfferSAR\"]}}]"}}, {"model": "admin.logentry", "pk": 158, "fields": {"action_time": "2022-01-21T05:32:16.045Z", "user": 1, "content_type": 19, "object_id": "2", "object_repr": "Order object (2)", "action_flag": 3, "change_message": ""}}, {"model": "admin.logentry", "pk": 159, "fields": {"action_time": "2022-01-21T05:32:16.049Z", "user": 1, "content_type": 19, "object_id": "1", "object_repr": "Order object (1)", "action_flag": 3, "change_message": ""}}, {"model": "admin.logentry", "pk": 160, "fields": {"action_time": "2022-01-21T05:32:23.411Z", "user": 1, "content_type": 18, "object_id": "43", "object_repr": "cart object (43)", "action_flag": 2, "change_message": "[{\"changed\": {\"fields\": [\"Cart Status\"]}}]"}}, {"model": "admin.logentry", "pk": 161, "fields": {"action_time": "2022-01-21T05:32:28.185Z", "user": 1, "content_type": 18, "object_id": "42", "object_repr": "cart object (42)", "action_flag": 2, "change_message": "[{\"changed\": {\"fields\": [\"Cart Status\"]}}]"}}, {"model": "admin.logentry", "pk": 162, "fields": {"action_time": "2022-01-21T10:46:44.959Z", "user": 1, "content_type": 18, "object_id": "43", "object_repr": "cart object (43)", "action_flag": 2, "change_message": "[{\"changed\": {\"fields\": [\"Cart Status\"]}}]"}}, {"model": "admin.logentry", "pk": 163, "fields": {"action_time": "2022-01-21T10:46:53.713Z", "user": 1, "content_type": 18, "object_id": "42", "object_repr": "cart object (42)", "action_flag": 2, "change_message": "[{\"changed\": {\"fields\": [\"Cart Status\"]}}]"}}, {"model": "admin.logentry", "pk": 164, "fields": {"action_time": "2022-01-21T10:47:04.375Z", "user": 1, "content_type": 19, "object_id": "4", "object_repr": "Order object (4)", "action_flag": 3, "change_message": ""}}, {"model": "admin.logentry", "pk": 165, "fields": {"action_time": "2022-01-21T10:47:04.378Z", "user": 1, "content_type": 19, "object_id": "3", "object_repr": "Order object (3)", "action_flag": 3, "change_message": ""}}, {"model": "admin.logentry", "pk": 166, "fields": {"action_time": "2022-01-21T10:47:50.042Z", "user": 1, "content_type": 19, "object_id": "6", "object_repr": "Order object (6)", "action_flag": 3, "change_message": ""}}, {"model": "admin.logentry", "pk": 167, "fields": {"action_time": "2022-01-21T10:47:50.046Z", "user": 1, "content_type": 19, "object_id": "5", "object_repr": "Order object (5)", "action_flag": 3, "change_message": ""}}, {"model": "admin.logentry", "pk": 168, "fields": {"action_time": "2022-01-21T10:48:09.284Z", "user": 1, "content_type": 18, "object_id": "43", "object_repr": "cart object (43)", "action_flag": 2, "change_message": "[{\"changed\": {\"fields\": [\"Cart Status\"]}}]"}}, {"model": "admin.logentry", "pk": 169, "fields": {"action_time": "2022-01-21T10:48:14.819Z", "user": 1, "content_type": 18, "object_id": "42", "object_repr": "cart object (42)", "action_flag": 2, "change_message": "[{\"changed\": {\"fields\": [\"Cart Status\"]}}]"}}, {"model": "admin.logentry", "pk": 170, "fields": {"action_time": "2022-01-21T11:39:15.439Z", "user": 1, "content_type": 19, "object_id": "8", "object_repr": "Order object (8)", "action_flag": 3, "change_message": ""}}, {"model": "admin.logentry", "pk": 171, "fields": {"action_time": "2022-01-21T11:39:15.443Z", "user": 1, "content_type": 19, "object_id": "7", "object_repr": "Order object (7)", "action_flag": 3, "change_message": ""}}, {"model": "admin.logentry", "pk": 172, "fields": {"action_time": "2022-01-21T11:39:36.174Z", "user": 1, "content_type": 18, "object_id": "43", "object_repr": "cart object (43)", "action_flag": 2, "change_message": "[{\"changed\": {\"fields\": [\"Cart Status\"]}}]"}}, {"model": "admin.logentry", "pk": 173, "fields": {"action_time": "2022-01-21T11:39:41.385Z", "user": 1, "content_type": 18, "object_id": "42", "object_repr": "cart object (42)", "action_flag": 2, "change_message": "[{\"changed\": {\"fields\": [\"Cart Status\"]}}]"}}, {"model": "admin.logentry", "pk": 174, "fields": {"action_time": "2022-01-21T11:41:30.538Z", "user": 1, "content_type": 19, "object_id": "10", "object_repr": "Order object (10)", "action_flag": 3, "change_message": ""}}, {"model": "admin.logentry", "pk": 175, "fields": {"action_time": "2022-01-21T11:41:30.541Z", "user": 1, "content_type": 19, "object_id": "9", "object_repr": "Order object (9)", "action_flag": 3, "change_message": ""}}, {"model": "admin.logentry", "pk": 176, "fields": {"action_time": "2022-01-21T11:41:43.904Z", "user": 1, "content_type": 18, "object_id": "43", "object_repr": "cart object (43)", "action_flag": 2, "change_message": "[{\"changed\": {\"fields\": [\"Cart Status\"]}}]"}}, {"model": "admin.logentry", "pk": 177, "fields": {"action_time": "2022-01-21T11:41:46.143Z", "user": 1, "content_type": 18, "object_id": "43", "object_repr": "cart object (43)", "action_flag": 2, "change_message": "[]"}}, {"model": "admin.logentry", "pk": 178, "fields": {"action_time": "2022-01-21T11:41:51.486Z", "user": 1, "content_type": 18, "object_id": "42", "object_repr": "cart object (42)", "action_flag": 2, "change_message": "[{\"changed\": {\"fields\": [\"Cart Status\"]}}]"}}, {"model": "admin.logentry", "pk": 179, "fields": {"action_time": "2022-01-21T11:43:37.308Z", "user": 1, "content_type": 18, "object_id": "43", "object_repr": "cart object (43)", "action_flag": 2, "change_message": "[{\"changed\": {\"fields\": [\"Cart Status\"]}}]"}}, {"model": "admin.logentry", "pk": 180, "fields": {"action_time": "2022-01-21T11:43:40.447Z", "user": 1, "content_type": 18, "object_id": "42", "object_repr": "cart object (42)", "action_flag": 2, "change_message": "[{\"changed\": {\"fields\": [\"Cart Status\"]}}]"}}, {"model": "admin.logentry", "pk": 181, "fields": {"action_time": "2022-01-21T11:43:54.663Z", "user": 1, "content_type": 19, "object_id": "12", "object_repr": "Order object (12)", "action_flag": 3, "change_message": ""}}, {"model": "admin.logentry", "pk": 182, "fields": {"action_time": "2022-01-21T11:43:54.668Z", "user": 1, "content_type": 19, "object_id": "11", "object_repr": "Order object (11)", "action_flag": 3, "change_message": ""}}, {"model": "admin.logentry", "pk": 183, "fields": {"action_time": "2022-01-21T11:46:03.148Z", "user": 1, "content_type": 19, "object_id": "14", "object_repr": "Order object (14)", "action_flag": 3, "change_message": ""}}, {"model": "admin.logentry", "pk": 184, "fields": {"action_time": "2022-01-21T11:46:03.151Z", "user": 1, "content_type": 19, "object_id": "13", "object_repr": "Order object (13)", "action_flag": 3, "change_message": ""}}, {"model": "admin.logentry", "pk": 185, "fields": {"action_time": "2022-01-21T11:46:15.321Z", "user": 1, "content_type": 18, "object_id": "43", "object_repr": "cart object (43)", "action_flag": 2, "change_message": "[{\"changed\": {\"fields\": [\"Cart Status\"]}}]"}}, {"model": "admin.logentry", "pk": 186, "fields": {"action_time": "2022-01-21T11:46:19.351Z", "user": 1, "content_type": 18, "object_id": "42", "object_repr": "cart object (42)", "action_flag": 2, "change_message": "[{\"changed\": {\"fields\": [\"Cart Status\"]}}]"}}, {"model": "admin.logentry", "pk": 187, "fields": {"action_time": "2022-01-21T11:51:39.741Z", "user": 1, "content_type": 19, "object_id": "16", "object_repr": "Order object (16)", "action_flag": 3, "change_message": ""}}, {"model": "admin.logentry", "pk": 188, "fields": {"action_time": "2022-01-21T11:51:39.744Z", "user": 1, "content_type": 19, "object_id": "15", "object_repr": "Order object (15)", "action_flag": 3, "change_message": ""}}, {"model": "admin.logentry", "pk": 189, "fields": {"action_time": "2022-01-21T11:51:51.621Z", "user": 1, "content_type": 18, "object_id": "43", "object_repr": "cart object (43)", "action_flag": 2, "change_message": "[{\"changed\": {\"fields\": [\"Cart Status\"]}}]"}}, {"model": "admin.logentry", "pk": 190, "fields": {"action_time": "2022-01-21T11:51:55.894Z", "user": 1, "content_type": 18, "object_id": "42", "object_repr": "cart object (42)", "action_flag": 2, "change_message": "[{\"changed\": {\"fields\": [\"Cart Status\"]}}]"}}, {"model": "admin.logentry", "pk": 191, "fields": {"action_time": "2022-01-21T11:57:15.147Z", "user": 1, "content_type": 19, "object_id": "18", "object_repr": "Order object (18)", "action_flag": 3, "change_message": ""}}, {"model": "admin.logentry", "pk": 192, "fields": {"action_time": "2022-01-21T11:57:15.152Z", "user": 1, "content_type": 19, "object_id": "17", "object_repr": "Order object (17)", "action_flag": 3, "change_message": ""}}, {"model": "admin.logentry", "pk": 193, "fields": {"action_time": "2022-01-21T11:57:27.877Z", "user": 1, "content_type": 18, "object_id": "43", "object_repr": "cart object (43)", "action_flag": 2, "change_message": "[{\"changed\": {\"fields\": [\"Cart Status\"]}}]"}}, {"model": "admin.logentry", "pk": 194, "fields": {"action_time": "2022-01-21T11:57:32.049Z", "user": 1, "content_type": 18, "object_id": "42", "object_repr": "cart object (42)", "action_flag": 2, "change_message": "[{\"changed\": {\"fields\": [\"Cart Status\"]}}]"}}, {"model": "admin.logentry", "pk": 195, "fields": {"action_time": "2022-01-21T11:58:29.276Z", "user": 1, "content_type": 19, "object_id": "20", "object_repr": "Order object (20)", "action_flag": 3, "change_message": ""}}, {"model": "admin.logentry", "pk": 196, "fields": {"action_time": "2022-01-21T11:58:29.279Z", "user": 1, "content_type": 19, "object_id": "19", "object_repr": "Order object (19)", "action_flag": 3, "change_message": ""}}, {"model": "admin.logentry", "pk": 197, "fields": {"action_time": "2022-01-21T11:58:40.700Z", "user": 1, "content_type": 18, "object_id": "43", "object_repr": "cart object (43)", "action_flag": 2, "change_message": "[{\"changed\": {\"fields\": [\"Cart Status\"]}}]"}}, {"model": "admin.logentry", "pk": 198, "fields": {"action_time": "2022-01-21T11:58:45.131Z", "user": 1, "content_type": 18, "object_id": "42", "object_repr": "cart object (42)", "action_flag": 2, "change_message": "[{\"changed\": {\"fields\": [\"Cart Status\"]}}]"}}, {"model": "admin.logentry", "pk": 199, "fields": {"action_time": "2022-01-21T12:02:59.907Z", "user": 1, "content_type": 19, "object_id": "22", "object_repr": "Order object (22)", "action_flag": 3, "change_message": ""}}, {"model": "admin.logentry", "pk": 200, "fields": {"action_time": "2022-01-21T12:02:59.918Z", "user": 1, "content_type": 19, "object_id": "21", "object_repr": "Order object (21)", "action_flag": 3, "change_message": ""}}, {"model": "admin.logentry", "pk": 201, "fields": {"action_time": "2022-01-21T12:03:11.555Z", "user": 1, "content_type": 18, "object_id": "43", "object_repr": "cart object (43)", "action_flag": 2, "change_message": "[{\"changed\": {\"fields\": [\"Cart Status\"]}}]"}}, {"model": "admin.logentry", "pk": 202, "fields": {"action_time": "2022-01-21T12:03:15.717Z", "user": 1, "content_type": 18, "object_id": "42", "object_repr": "cart object (42)", "action_flag": 2, "change_message": "[{\"changed\": {\"fields\": [\"Cart Status\"]}}]"}}, {"model": "admin.logentry", "pk": 203, "fields": {"action_time": "2022-01-21T12:10:47.213Z", "user": 1, "content_type": 19, "object_id": "24", "object_repr": "Order object (24)", "action_flag": 3, "change_message": ""}}, {"model": "admin.logentry", "pk": 204, "fields": {"action_time": "2022-01-21T12:10:47.217Z", "user": 1, "content_type": 19, "object_id": "23", "object_repr": "Order object (23)", "action_flag": 3, "change_message": ""}}, {"model": "admin.logentry", "pk": 205, "fields": {"action_time": "2022-01-21T12:10:56.001Z", "user": 1, "content_type": 18, "object_id": "43", "object_repr": "cart object (43)", "action_flag": 2, "change_message": "[{\"changed\": {\"fields\": [\"Cart Status\"]}}]"}}, {"model": "admin.logentry", "pk": 206, "fields": {"action_time": "2022-01-21T12:11:04.471Z", "user": 1, "content_type": 18, "object_id": "42", "object_repr": "cart object (42)", "action_flag": 2, "change_message": "[{\"changed\": {\"fields\": [\"Cart Status\"]}}]"}}, {"model": "admin.logentry", "pk": 207, "fields": {"action_time": "2022-01-21T12:34:48.979Z", "user": 1, "content_type": 19, "object_id": "26", "object_repr": "Order object (26)", "action_flag": 3, "change_message": ""}}, {"model": "admin.logentry", "pk": 208, "fields": {"action_time": "2022-01-21T12:34:48.983Z", "user": 1, "content_type": 19, "object_id": "25", "object_repr": "Order object (25)", "action_flag": 3, "change_message": ""}}, {"model": "admin.logentry", "pk": 209, "fields": {"action_time": "2022-01-21T12:35:00.640Z", "user": 1, "content_type": 18, "object_id": "43", "object_repr": "cart object (43)", "action_flag": 2, "change_message": "[{\"changed\": {\"fields\": [\"Cart Status\"]}}]"}}, {"model": "admin.logentry", "pk": 210, "fields": {"action_time": "2022-01-21T12:35:04.290Z", "user": 1, "content_type": 18, "object_id": "42", "object_repr": "cart object (42)", "action_flag": 2, "change_message": "[{\"changed\": {\"fields\": [\"Cart Status\"]}}]"}}, {"model": "admin.logentry", "pk": 211, "fields": {"action_time": "2022-01-22T03:56:37.855Z", "user": 1, "content_type": 18, "object_id": "43", "object_repr": "cart object (43)", "action_flag": 2, "change_message": "[{\"changed\": {\"fields\": [\"Cart Status\"]}}]"}}, {"model": "admin.logentry", "pk": 212, "fields": {"action_time": "2022-01-22T03:56:42.375Z", "user": 1, "content_type": 18, "object_id": "42", "object_repr": "cart object (42)", "action_flag": 2, "change_message": "[{\"changed\": {\"fields\": [\"Cart Status\"]}}]"}}, {"model": "admin.logentry", "pk": 213, "fields": {"action_time": "2022-01-22T03:56:53.322Z", "user": 1, "content_type": 19, "object_id": "28", "object_repr": "Order object (28)", "action_flag": 3, "change_message": ""}}, {"model": "admin.logentry", "pk": 214, "fields": {"action_time": "2022-01-22T03:56:53.324Z", "user": 1, "content_type": 19, "object_id": "27", "object_repr": "Order object (27)", "action_flag": 3, "change_message": ""}}, {"model": "admin.logentry", "pk": 215, "fields": {"action_time": "2022-01-22T03:58:10.909Z", "user": 1, "content_type": 19, "object_id": "30", "object_repr": "Order object (30)", "action_flag": 3, "change_message": ""}}, {"model": "admin.logentry", "pk": 216, "fields": {"action_time": "2022-01-22T03:58:10.912Z", "user": 1, "content_type": 19, "object_id": "29", "object_repr": "Order object (29)", "action_flag": 3, "change_message": ""}}, {"model": "admin.logentry", "pk": 217, "fields": {"action_time": "2022-01-22T03:58:21.135Z", "user": 1, "content_type": 18, "object_id": "43", "object_repr": "cart object (43)", "action_flag": 2, "change_message": "[{\"changed\": {\"fields\": [\"Cart Status\"]}}]"}}, {"model": "admin.logentry", "pk": 218, "fields": {"action_time": "2022-01-22T03:58:25.291Z", "user": 1, "content_type": 18, "object_id": "42", "object_repr": "cart object (42)", "action_flag": 2, "change_message": "[{\"changed\": {\"fields\": [\"Cart Status\"]}}]"}}, {"model": "admin.logentry", "pk": 219, "fields": {"action_time": "2022-01-22T04:27:48.592Z", "user": 1, "content_type": 19, "object_id": "32", "object_repr": "Order object (32)", "action_flag": 3, "change_message": ""}}, {"model": "admin.logentry", "pk": 220, "fields": {"action_time": "2022-01-22T04:27:48.595Z", "user": 1, "content_type": 19, "object_id": "31", "object_repr": "Order object (31)", "action_flag": 3, "change_message": ""}}, {"model": "admin.logentry", "pk": 221, "fields": {"action_time": "2022-01-22T04:27:54.163Z", "user": 1, "content_type": 18, "object_id": "43", "object_repr": "cart object (43)", "action_flag": 2, "change_message": "[{\"changed\": {\"fields\": [\"Cart Status\"]}}]"}}, {"model": "admin.logentry", "pk": 222, "fields": {"action_time": "2022-01-22T04:28:00.883Z", "user": 1, "content_type": 18, "object_id": "42", "object_repr": "cart object (42)", "action_flag": 2, "change_message": "[{\"changed\": {\"fields\": [\"Cart Status\"]}}]"}}, {"model": "admin.logentry", "pk": 223, "fields": {"action_time": "2022-01-22T05:05:59.243Z", "user": 1, "content_type": 13, "object_id": "15", "object_repr": "", "action_flag": 3, "change_message": ""}}, {"model": "admin.logentry", "pk": 224, "fields": {"action_time": "2022-01-22T05:30:17.110Z", "user": 1, "content_type": 19, "object_id": "34", "object_repr": "Order object (34)", "action_flag": 3, "change_message": ""}}, {"model": "admin.logentry", "pk": 225, "fields": {"action_time": "2022-01-22T05:30:17.114Z", "user": 1, "content_type": 19, "object_id": "33", "object_repr": "Order object (33)", "action_flag": 3, "change_message": ""}}, {"model": "admin.logentry", "pk": 226, "fields": {"action_time": "2022-01-22T05:30:25.407Z", "user": 1, "content_type": 18, "object_id": "43", "object_repr": "cart object (43)", "action_flag": 2, "change_message": "[{\"changed\": {\"fields\": [\"Cart Status\"]}}]"}}, {"model": "admin.logentry", "pk": 227, "fields": {"action_time": "2022-01-22T05:30:28.976Z", "user": 1, "content_type": 18, "object_id": "42", "object_repr": "cart object (42)", "action_flag": 2, "change_message": "[{\"changed\": {\"fields\": [\"Cart Status\"]}}]"}}, {"model": "admin.logentry", "pk": 228, "fields": {"action_time": "2022-01-22T06:22:57.411Z", "user": 1, "content_type": 13, "object_id": "1", "object_repr": "admin@gmail.com", "action_flag": 2, "change_message": "[{\"changed\": {\"fields\": [\"Name\"]}}]"}}, {"model": "admin.logentry", "pk": 229, "fields": {"action_time": "2022-01-22T06:54:35.660Z", "user": 1, "content_type": 19, "object_id": "36", "object_repr": "Order object (36)", "action_flag": 3, "change_message": ""}}, {"model": "admin.logentry", "pk": 230, "fields": {"action_time": "2022-01-22T06:54:35.664Z", "user": 1, "content_type": 19, "object_id": "35", "object_repr": "Order object (35)", "action_flag": 3, "change_message": ""}}, {"model": "admin.logentry", "pk": 231, "fields": {"action_time": "2022-01-24T07:41:18.033Z", "user": 1, "content_type": 19, "object_id": "38", "object_repr": "Order object (38)", "action_flag": 3, "change_message": ""}}, {"model": "admin.logentry", "pk": 232, "fields": {"action_time": "2022-01-24T07:41:18.037Z", "user": 1, "content_type": 19, "object_id": "37", "object_repr": "Order object (37)", "action_flag": 3, "change_message": ""}}, {"model": "admin.logentry", "pk": 233, "fields": {"action_time": "2022-01-24T07:41:22.556Z", "user": 1, "content_type": 18, "object_id": "43", "object_repr": "cart object (43)", "action_flag": 2, "change_message": "[{\"changed\": {\"fields\": [\"Cart Status\"]}}]"}}, {"model": "admin.logentry", "pk": 234, "fields": {"action_time": "2022-01-24T07:41:25.751Z", "user": 1, "content_type": 18, "object_id": "42", "object_repr": "cart object (42)", "action_flag": 2, "change_message": "[{\"changed\": {\"fields\": [\"Cart Status\"]}}]"}}, {"model": "admin.logentry", "pk": 235, "fields": {"action_time": "2022-01-24T09:32:39.463Z", "user": 1, "content_type": 13, "object_id": "25", "object_repr": "zz@gmail.com", "action_flag": 3, "change_message": ""}}, {"model": "admin.logentry", "pk": 236, "fields": {"action_time": "2022-01-24T09:32:39.465Z", "user": 1, "content_type": 13, "object_id": "24", "object_repr": "xc@gmail.com", "action_flag": 3, "change_message": ""}}, {"model": "admin.logentry", "pk": 237, "fields": {"action_time": "2022-01-24T09:32:39.466Z", "user": 1, "content_type": 13, "object_id": "23", "object_repr": "q@gmail.com", "action_flag": 3, "change_message": ""}}, {"model": "admin.logentry", "pk": 238, "fields": {"action_time": "2022-01-24T09:32:39.468Z", "user": 1, "content_type": 13, "object_id": "22", "object_repr": "z@gmail.com", "action_flag": 3, "change_message": ""}}, {"model": "admin.logentry", "pk": 239, "fields": {"action_time": "2022-01-24T09:32:39.469Z", "user": 1, "content_type": 13, "object_id": "21", "object_repr": "aa@gmail.com", "action_flag": 3, "change_message": ""}}, {"model": "admin.logentry", "pk": 240, "fields": {"action_time": "2022-01-24T09:32:39.470Z", "user": 1, "content_type": 13, "object_id": "20", "object_repr": "x@gmail.com", "action_flag": 3, "change_message": ""}}, {"model": "admin.logentry", "pk": 241, "fields": {"action_time": "2022-01-24T09:32:39.471Z", "user": 1, "content_type": 13, "object_id": "19", "object_repr": "a@gmail.com", "action_flag": 3, "change_message": ""}}, {"model": "admin.logentry", "pk": 242, "fields": {"action_time": "2022-01-24T09:32:39.472Z", "user": 1, "content_type": 13, "object_id": "18", "object_repr": "murugan@gmail.com", "action_flag": 3, "change_message": ""}}, {"model": "admin.logentry", "pk": 243, "fields": {"action_time": "2022-01-25T05:48:43.713Z", "user": 1, "content_type": 13, "object_id": "28", "object_repr": "aa@gmail.com", "action_flag": 3, "change_message": ""}}, {"model": "admin.logentry", "pk": 244, "fields": {"action_time": "2022-01-25T05:48:43.716Z", "user": 1, "content_type": 13, "object_id": "27", "object_repr": "x@gmail.com", "action_flag": 3, "change_message": ""}}, {"model": "admin.logentry", "pk": 245, "fields": {"action_time": "2022-01-25T05:48:43.718Z", "user": 1, "content_type": 13, "object_id": "26", "object_repr": "a@gmail.com", "action_flag": 3, "change_message": ""}}, {"model": "admin.logentry", "pk": 246, "fields": {"action_time": "2022-01-25T07:31:04.852Z", "user": 1, "content_type": 13, "object_id": "29", "object_repr": "a@gmail.com", "action_flag": 3, "change_message": ""}}, {"model": "admin.logentry", "pk": 247, "fields": {"action_time": "2022-01-25T07:51:37.546Z", "user": 1, "content_type": 13, "object_id": "30", "object_repr": "muruganck4you@gmail.com", "action_flag": 3, "change_message": ""}}, {"model": "admin.logentry", "pk": 248, "fields": {"action_time": "2022-01-25T15:22:04.873Z", "user": 1, "content_type": 10, "object_id": "26", "object_repr": "black", "action_flag": 3, "change_message": ""}}, {"model": "admin.logentry", "pk": 249, "fields": {"action_time": "2022-01-25T15:22:04.876Z", "user": 1, "content_type": 10, "object_id": "9", "object_repr": "black", "action_flag": 3, "change_message": ""}}, {"model": "admin.logentry", "pk": 250, "fields": {"action_time": "2022-01-25T15:22:04.878Z", "user": 1, "content_type": 10, "object_id": "56", "object_repr": "black", "action_flag": 3, "change_message": ""}}, {"model": "admin.logentry", "pk": 251, "fields": {"action_time": "2022-01-25T15:27:19.842Z", "user": 1, "content_type": 10, "object_id": "20", "object_repr": "brown", "action_flag": 3, "change_message": ""}}, {"model": "admin.logentry", "pk": 252, "fields": {"action_time": "2022-01-25T15:27:19.845Z", "user": 1, "content_type": 10, "object_id": "45", "object_repr": "brown", "action_flag": 3, "change_message": ""}}, {"model": "admin.logentry", "pk": 253, "fields": {"action_time": "2022-01-26T04:25:20.187Z", "user": 1, "content_type": 20, "object_id": "1", "object_repr": "BottomProductDisplay object (1)", "action_flag": 1, "change_message": "[{\"added\": {}}]"}}, {"model": "admin.logentry", "pk": 254, "fields": {"action_time": "2022-01-26T04:25:22.713Z", "user": 1, "content_type": 20, "object_id": "2", "object_repr": "BottomProductDisplay object (2)", "action_flag": 1, "change_message": "[{\"added\": {}}]"}}, {"model": "admin.logentry", "pk": 255, "fields": {"action_time": "2022-01-26T04:25:25.022Z", "user": 1, "content_type": 20, "object_id": "3", "object_repr": "BottomProductDisplay object (3)", "action_flag": 1, "change_message": "[{\"added\": {}}]"}}, {"model": "admin.logentry", "pk": 256, "fields": {"action_time": "2022-01-26T04:25:29.227Z", "user": 1, "content_type": 20, "object_id": "4", "object_repr": "BottomProductDisplay object (4)", "action_flag": 1, "change_message": "[{\"added\": {}}]"}}, {"model": "admin.logentry", "pk": 257, "fields": {"action_time": "2022-01-26T04:25:35.997Z", "user": 1, "content_type": 12, "object_id": "1", "object_repr": "NewCollection object (1)", "action_flag": 1, "change_message": "[{\"added\": {}}]"}}, {"model": "admin.logentry", "pk": 258, "fields": {"action_time": "2022-01-26T04:25:38.310Z", "user": 1, "content_type": 12, "object_id": "2", "object_repr": "NewCollection object (2)", "action_flag": 1, "change_message": "[{\"added\": {}}]"}}, {"model": "admin.logentry", "pk": 259, "fields": {"action_time": "2022-01-26T04:25:40.583Z", "user": 1, "content_type": 12, "object_id": "3", "object_repr": "NewCollection object (3)", "action_flag": 1, "change_message": "[{\"added\": {}}]"}}, {"model": "admin.logentry", "pk": 260, "fields": {"action_time": "2022-01-26T04:25:42.670Z", "user": 1, "content_type": 12, "object_id": "4", "object_repr": "NewCollection object (4)", "action_flag": 1, "change_message": "[{\"added\": {}}]"}}, {"model": "admin.logentry", "pk": 261, "fields": {"action_time": "2022-01-26T04:25:46.494Z", "user": 1, "content_type": 12, "object_id": "5", "object_repr": "NewCollection object (5)", "action_flag": 1, "change_message": "[{\"added\": {}}]"}}, {"model": "admin.logentry", "pk": 262, "fields": {"action_time": "2022-01-26T04:25:49.416Z", "user": 1, "content_type": 12, "object_id": "6", "object_repr": "NewCollection object (6)", "action_flag": 1, "change_message": "[{\"added\": {}}]"}}, {"model": "admin.logentry", "pk": 263, "fields": {"action_time": "2022-01-26T04:25:51.996Z", "user": 1, "content_type": 12, "object_id": "7", "object_repr": "NewCollection object (7)", "action_flag": 1, "change_message": "[{\"added\": {}}]"}}, {"model": "admin.logentry", "pk": 264, "fields": {"action_time": "2022-01-26T04:52:07.791Z", "user": 1, "content_type": 20, "object_id": "4", "object_repr": "BottomProductDisplay object (4)", "action_flag": 3, "change_message": ""}}, {"model": "admin.logentry", "pk": 265, "fields": {"action_time": "2022-01-26T04:52:07.794Z", "user": 1, "content_type": 20, "object_id": "3", "object_repr": "BottomProductDisplay object (3)", "action_flag": 3, "change_message": ""}}, {"model": "admin.logentry", "pk": 266, "fields": {"action_time": "2022-01-26T04:52:07.796Z", "user": 1, "content_type": 20, "object_id": "2", "object_repr": "BottomProductDisplay object (2)", "action_flag": 3, "change_message": ""}}, {"model": "admin.logentry", "pk": 267, "fields": {"action_time": "2022-01-26T04:52:07.797Z", "user": 1, "content_type": 20, "object_id": "1", "object_repr": "BottomProductDisplay object (1)", "action_flag": 3, "change_message": ""}}, {"model": "admin.logentry", "pk": 268, "fields": {"action_time": "2022-01-26T04:54:18.082Z", "user": 1, "content_type": 9, "object_id": "99", "object_repr": "hand bag-1", "action_flag": 1, "change_message": "[{\"added\": {}}]"}}, {"model": "admin.logentry", "pk": 269, "fields": {"action_time": "2022-01-26T04:54:19.886Z", "user": 1, "content_type": 20, "object_id": "5", "object_repr": "BottomProductDisplay object (5)", "action_flag": 1, "change_message": "[{\"added\": {}}]"}}, {"model": "admin.logentry", "pk": 270, "fields": {"action_time": "2022-01-26T04:55:07.831Z", "user": 1, "content_type": 9, "object_id": "100", "object_repr": "bag-2", "action_flag": 1, "change_message": "[{\"added\": {}}]"}}, {"model": "admin.logentry", "pk": 271, "fields": {"action_time": "2022-01-26T04:55:11.366Z", "user": 1, "content_type": 20, "object_id": "6", "object_repr": "BottomProductDisplay object (6)", "action_flag": 1, "change_message": "[{\"added\": {}}]"}}, {"model": "admin.logentry", "pk": 272, "fields": {"action_time": "2022-01-26T04:56:16.685Z", "user": 1, "content_type": 9, "object_id": "101", "object_repr": "bag3", "action_flag": 1, "change_message": "[{\"added\": {}}]"}}, {"model": "admin.logentry", "pk": 273, "fields": {"action_time": "2022-01-26T04:56:18.251Z", "user": 1, "content_type": 20, "object_id": "7", "object_repr": "BottomProductDisplay object (7)", "action_flag": 1, "change_message": "[{\"added\": {}}]"}}, {"model": "admin.logentry", "pk": 274, "fields": {"action_time": "2022-01-26T04:57:07.277Z", "user": 1, "content_type": 9, "object_id": "102", "object_repr": "Prod21", "action_flag": 1, "change_message": "[{\"added\": {}}]"}}, {"model": "admin.logentry", "pk": 275, "fields": {"action_time": "2022-01-26T04:57:08.944Z", "user": 1, "content_type": 20, "object_id": "8", "object_repr": "BottomProductDisplay object (8)", "action_flag": 1, "change_message": "[{\"added\": {}}]"}}, {"model": "admin.logentry", "pk": 276, "fields": {"action_time": "2022-01-26T04:58:14.255Z", "user": 1, "content_type": 9, "object_id": "103", "object_repr": "bags5", "action_flag": 1, "change_message": "[{\"added\": {}}]"}}, {"model": "admin.logentry", "pk": 277, "fields": {"action_time": "2022-01-26T04:58:15.768Z", "user": 1, "content_type": 20, "object_id": "9", "object_repr": "BottomProductDisplay object (9)", "action_flag": 1, "change_message": "[{\"added\": {}}]"}}, {"model": "admin.logentry", "pk": 278, "fields": {"action_time": "2022-01-26T05:00:43.950Z", "user": 1, "content_type": 20, "object_id": "7", "object_repr": "BottomProductDisplay object (7)", "action_flag": 3, "change_message": ""}}, {"model": "admin.logentry", "pk": 279, "fields": {"action_time": "2022-01-26T05:00:48.717Z", "user": 1, "content_type": 20, "object_id": "5", "object_repr": "BottomProductDisplay object (5)", "action_flag": 3, "change_message": ""}}, {"model": "admin.logentry", "pk": 280, "fields": {"action_time": "2022-01-26T05:00:52.900Z", "user": 1, "content_type": 20, "object_id": "6", "object_repr": "BottomProductDisplay object (6)", "action_flag": 3, "change_message": ""}}, {"model": "admin.logentry", "pk": 281, "fields": {"action_time": "2022-01-26T05:01:09.148Z", "user": 1, "content_type": 20, "object_id": "9", "object_repr": "BottomProductDisplay object (9)", "action_flag": 3, "change_message": ""}}, {"model": "admin.logentry", "pk": 282, "fields": {"action_time": "2022-01-26T05:01:44.945Z", "user": 1, "content_type": 9, "object_id": "104", "object_repr": "Produ1", "action_flag": 1, "change_message": "[{\"added\": {}}]"}}, {"model": "admin.logentry", "pk": 283, "fields": {"action_time": "2022-01-26T05:01:46.608Z", "user": 1, "content_type": 20, "object_id": "10", "object_repr": "BottomProductDisplay object (10)", "action_flag": 1, "change_message": "[{\"added\": {}}]"}}, {"model": "admin.logentry", "pk": 284, "fields": {"action_time": "2022-01-26T05:02:28.515Z", "user": 1, "content_type": 9, "object_id": "105", "object_repr": "Producee", "action_flag": 1, "change_message": "[{\"added\": {}}]"}}, {"model": "admin.logentry", "pk": 285, "fields": {"action_time": "2022-01-26T05:02:30.648Z", "user": 1, "content_type": 20, "object_id": "11", "object_repr": "BottomProductDisplay object (11)", "action_flag": 1, "change_message": "[{\"added\": {}}]"}}, {"model": "admin.logentry", "pk": 286, "fields": {"action_time": "2022-01-26T05:03:46.545Z", "user": 1, "content_type": 9, "object_id": "106", "object_repr": "bagss", "action_flag": 1, "change_message": "[{\"added\": {}}]"}}, {"model": "admin.logentry", "pk": 287, "fields": {"action_time": "2022-01-26T05:03:47.933Z", "user": 1, "content_type": 20, "object_id": "12", "object_repr": "BottomProductDisplay object (12)", "action_flag": 1, "change_message": "[{\"added\": {}}]"}}, {"model": "admin.logentry", "pk": 288, "fields": {"action_time": "2022-01-26T05:05:19.667Z", "user": 1, "content_type": 9, "object_id": "107", "object_repr": "Product", "action_flag": 1, "change_message": "[{\"added\": {}}]"}}, {"model": "admin.logentry", "pk": 289, "fields": {"action_time": "2022-01-26T05:05:21.948Z", "user": 1, "content_type": 20, "object_id": "13", "object_repr": "BottomProductDisplay object (13)", "action_flag": 1, "change_message": "[{\"added\": {}}]"}}, {"model": "admin.logentry", "pk": 290, "fields": {"action_time": "2022-01-26T05:06:33.066Z", "user": 1, "content_type": 9, "object_id": "108", "object_repr": "Product 7", "action_flag": 1, "change_message": "[{\"added\": {}}]"}}, {"model": "admin.logentry", "pk": 291, "fields": {"action_time": "2022-01-26T05:06:34.166Z", "user": 1, "content_type": 20, "object_id": "14", "object_repr": "BottomProductDisplay object (14)", "action_flag": 1, "change_message": "[{\"added\": {}}]"}}, {"model": "admin.logentry", "pk": 292, "fields": {"action_time": "2022-01-26T05:06:58.092Z", "user": 1, "content_type": 20, "object_id": "10", "object_repr": "BottomProductDisplay object (10)", "action_flag": 3, "change_message": ""}}, {"model": "admin.logentry", "pk": 293, "fields": {"action_time": "2022-01-26T05:07:12.610Z", "user": 1, "content_type": 20, "object_id": "13", "object_repr": "BottomProductDisplay object (13)", "action_flag": 3, "change_message": ""}}, {"model": "admin.logentry", "pk": 294, "fields": {"action_time": "2022-01-26T05:08:56.676Z", "user": 1, "content_type": 9, "object_id": "109", "object_repr": "Product Name", "action_flag": 1, "change_message": "[{\"added\": {}}]"}}, {"model": "admin.logentry", "pk": 295, "fields": {"action_time": "2022-01-26T05:08:59.546Z", "user": 1, "content_type": 20, "object_id": "15", "object_repr": "BottomProductDisplay object (15)", "action_flag": 1, "change_message": "[{\"added\": {}}]"}}, {"model": "admin.logentry", "pk": 296, "fields": {"action_time": "2022-01-26T05:11:31.915Z", "user": 1, "content_type": 12, "object_id": "3", "object_repr": "NewCollection object (3)", "action_flag": 3, "change_message": ""}}, {"model": "admin.logentry", "pk": 297, "fields": {"action_time": "2022-01-26T05:11:31.919Z", "user": 1, "content_type": 12, "object_id": "2", "object_repr": "NewCollection object (2)", "action_flag": 3, "change_message": ""}}, {"model": "admin.logentry", "pk": 298, "fields": {"action_time": "2022-01-26T05:11:31.921Z", "user": 1, "content_type": 12, "object_id": "1", "object_repr": "NewCollection object (1)", "action_flag": 3, "change_message": ""}}, {"model": "admin.logentry", "pk": 299, "fields": {"action_time": "2022-01-26T05:12:04.515Z", "user": 1, "content_type": 12, "object_id": "4", "object_repr": "NewCollection object (4)", "action_flag": 3, "change_message": ""}}, {"model": "admin.logentry", "pk": 300, "fields": {"action_time": "2022-01-26T05:12:18.649Z", "user": 1, "content_type": 12, "object_id": "7", "object_repr": "NewCollection object (7)", "action_flag": 3, "change_message": ""}}, {"model": "admin.logentry", "pk": 301, "fields": {"action_time": "2022-01-26T05:13:43.661Z", "user": 1, "content_type": 9, "object_id": "110", "object_repr": "Product", "action_flag": 1, "change_message": "[{\"added\": {}}]"}}, {"model": "admin.logentry", "pk": 302, "fields": {"action_time": "2022-01-26T05:13:45.009Z", "user": 1, "content_type": 12, "object_id": "8", "object_repr": "NewCollection object (8)", "action_flag": 1, "change_message": "[{\"added\": {}}]"}}, {"model": "admin.logentry", "pk": 303, "fields": {"action_time": "2022-01-26T05:14:53.107Z", "user": 1, "content_type": 12, "object_id": "8", "object_repr": "NewCollection object (8)", "action_flag": 3, "change_message": ""}}, {"model": "admin.logentry", "pk": 304, "fields": {"action_time": "2022-01-26T05:15:20.934Z", "user": 1, "content_type": 9, "object_id": "111", "object_repr": "Product", "action_flag": 1, "change_message": "[{\"added\": {}}]"}}, {"model": "admin.logentry", "pk": 305, "fields": {"action_time": "2022-01-26T05:15:23.136Z", "user": 1, "content_type": 12, "object_id": "9", "object_repr": "NewCollection object (9)", "action_flag": 1, "change_message": "[{\"added\": {}}]"}}, {"model": "admin.logentry", "pk": 306, "fields": {"action_time": "2022-01-26T05:16:51.155Z", "user": 1, "content_type": 9, "object_id": "112", "object_repr": "Product 1", "action_flag": 1, "change_message": "[{\"added\": {}}]"}}, {"model": "admin.logentry", "pk": 307, "fields": {"action_time": "2022-01-26T05:16:53.006Z", "user": 1, "content_type": 12, "object_id": "10", "object_repr": "NewCollection object (10)", "action_flag": 1, "change_message": "[{\"added\": {}}]"}}, {"model": "admin.logentry", "pk": 308, "fields": {"action_time": "2022-01-26T05:17:29.601Z", "user": 1, "content_type": 12, "object_id": "10", "object_repr": "NewCollection object (10)", "action_flag": 3, "change_message": ""}}, {"model": "admin.logentry", "pk": 309, "fields": {"action_time": "2022-01-26T05:18:01.698Z", "user": 1, "content_type": 9, "object_id": "113", "object_repr": "Product N", "action_flag": 1, "change_message": "[{\"added\": {}}]"}}, {"model": "admin.logentry", "pk": 310, "fields": {"action_time": "2022-01-26T05:18:03.083Z", "user": 1, "content_type": 12, "object_id": "11", "object_repr": "NewCollection object (11)", "action_flag": 1, "change_message": "[{\"added\": {}}]"}}, {"model": "admin.logentry", "pk": 311, "fields": {"action_time": "2022-01-26T05:18:41.290Z", "user": 1, "content_type": 9, "object_id": "114", "object_repr": "Product Name1", "action_flag": 1, "change_message": "[{\"added\": {}}]"}}, {"model": "admin.logentry", "pk": 312, "fields": {"action_time": "2022-01-26T05:18:42.891Z", "user": 1, "content_type": 12, "object_id": "12", "object_repr": "NewCollection object (12)", "action_flag": 1, "change_message": "[{\"added\": {}}]"}}, {"model": "admin.logentry", "pk": 313, "fields": {"action_time": "2022-01-26T05:20:06.952Z", "user": 1, "content_type": 9, "object_id": "115", "object_repr": "Product Name2", "action_flag": 1, "change_message": "[{\"added\": {}}]"}}, {"model": "admin.logentry", "pk": 314, "fields": {"action_time": "2022-01-26T05:20:08.164Z", "user": 1, "content_type": 20, "object_id": "16", "object_repr": "BottomProductDisplay object (16)", "action_flag": 1, "change_message": "[{\"added\": {}}]"}}, {"model": "admin.logentry", "pk": 315, "fields": {"action_time": "2022-01-26T08:42:56.671Z", "user": 1, "content_type": 18, "object_id": "62", "object_repr": "cart object (62)", "action_flag": 3, "change_message": ""}}, {"model": "admin.logentry", "pk": 316, "fields": {"action_time": "2022-01-26T08:43:01.223Z", "user": 1, "content_type": 18, "object_id": "61", "object_repr": "cart object (61)", "action_flag": 3, "change_message": ""}}, {"model": "admin.logentry", "pk": 317, "fields": {"action_time": "2022-01-26T08:43:49.761Z", "user": 1, "content_type": 18, "object_id": "63", "object_repr": "cart object (63)", "action_flag": 3, "change_message": ""}}, {"model": "admin.logentry", "pk": 318, "fields": {"action_time": "2022-01-26T09:04:55.062Z", "user": 1, "content_type": 18, "object_id": "65", "object_repr": "cart object (65)", "action_flag": 3, "change_message": ""}}, {"model": "admin.logentry", "pk": 319, "fields": {"action_time": "2022-01-26T09:05:10.166Z", "user": 1, "content_type": 18, "object_id": "59", "object_repr": "cart object (59)", "action_flag": 3, "change_message": ""}}, {"model": "admin.logentry", "pk": 320, "fields": {"action_time": "2022-01-26T09:19:36.580Z", "user": 1, "content_type": 19, "object_id": "44", "object_repr": "Order object (44)", "action_flag": 3, "change_message": ""}}, {"model": "admin.logentry", "pk": 321, "fields": {"action_time": "2022-01-26T09:19:49.648Z", "user": 1, "content_type": 18, "object_id": "64", "object_repr": "cart object (64)", "action_flag": 3, "change_message": ""}}, {"model": "admin.logentry", "pk": 322, "fields": {"action_time": "2022-01-27T12:56:38.081Z", "user": 1, "content_type": 6, "object_id": "23", "object_repr": "offers", "action_flag": 3, "change_message": ""}}, {"model": "admin.logentry", "pk": 323, "fields": {"action_time": "2022-01-28T12:26:55.639Z", "user": 1, "content_type": 18, "object_id": "72", "object_repr": "cart object (72)", "action_flag": 3, "change_message": ""}}, {"model": "admin.logentry", "pk": 324, "fields": {"action_time": "2022-01-28T12:26:55.642Z", "user": 1, "content_type": 18, "object_id": "71", "object_repr": "cart object (71)", "action_flag": 3, "change_message": ""}}, {"model": "admin.logentry", "pk": 325, "fields": {"action_time": "2022-01-28T12:26:55.643Z", "user": 1, "content_type": 18, "object_id": "70", "object_repr": "cart object (70)", "action_flag": 3, "change_message": ""}}, {"model": "admin.logentry", "pk": 326, "fields": {"action_time": "2022-01-28T12:26:55.645Z", "user": 1, "content_type": 18, "object_id": "66", "object_repr": "cart object (66)", "action_flag": 3, "change_message": ""}}, {"model": "admin.logentry", "pk": 327, "fields": {"action_time": "2022-01-28T12:26:55.646Z", "user": 1, "content_type": 18, "object_id": "55", "object_repr": "cart object (55)", "action_flag": 3, "change_message": ""}}, {"model": "admin.logentry", "pk": 328, "fields": {"action_time": "2022-01-28T12:26:55.647Z", "user": 1, "content_type": 18, "object_id": "46", "object_repr": "cart object (46)", "action_flag": 3, "change_message": ""}}, {"model": "admin.logentry", "pk": 329, "fields": {"action_time": "2022-01-28T12:26:55.648Z", "user": 1, "content_type": 18, "object_id": "44", "object_repr": "cart object (44)", "action_flag": 3, "change_message": ""}}, {"model": "admin.logentry", "pk": 330, "fields": {"action_time": "2022-01-28T12:26:55.649Z", "user": 1, "content_type": 18, "object_id": "43", "object_repr": "cart object (43)", "action_flag": 3, "change_message": ""}}, {"model": "admin.logentry", "pk": 331, "fields": {"action_time": "2022-01-28T12:26:55.650Z", "user": 1, "content_type": 18, "object_id": "42", "object_repr": "cart object (42)", "action_flag": 3, "change_message": ""}}, {"model": "admin.logentry", "pk": 332, "fields": {"action_time": "2022-01-29T10:22:21.516Z", "user": 1, "content_type": 19, "object_id": "49", "object_repr": "Order object (49)", "action_flag": 3, "change_message": ""}}, {"model": "admin.logentry", "pk": 333, "fields": {"action_time": "2022-01-29T10:22:21.521Z", "user": 1, "content_type": 19, "object_id": "48", "object_repr": "Order object (48)", "action_flag": 3, "change_message": ""}}, {"model": "admin.logentry", "pk": 334, "fields": {"action_time": "2022-01-29T10:22:21.523Z", "user": 1, "content_type": 19, "object_id": "47", "object_repr": "Order object (47)", "action_flag": 3, "change_message": ""}}, {"model": "admin.logentry", "pk": 335, "fields": {"action_time": "2022-01-31T09:21:34.903Z", "user": 1, "content_type": 19, "object_id": "79", "object_repr": "Order object (79)", "action_flag": 3, "change_message": ""}}, {"model": "admin.logentry", "pk": 336, "fields": {"action_time": "2022-01-31T09:21:34.908Z", "user": 1, "content_type": 19, "object_id": "78", "object_repr": "Order object (78)", "action_flag": 3, "change_message": ""}}, {"model": "admin.logentry", "pk": 337, "fields": {"action_time": "2022-01-31T09:21:34.910Z", "user": 1, "content_type": 19, "object_id": "77", "object_repr": "Order object (77)", "action_flag": 3, "change_message": ""}}, {"model": "admin.logentry", "pk": 338, "fields": {"action_time": "2022-01-31T09:21:34.913Z", "user": 1, "content_type": 19, "object_id": "76", "object_repr": "Order object (76)", "action_flag": 3, "change_message": ""}}, {"model": "admin.logentry", "pk": 339, "fields": {"action_time": "2022-01-31T09:21:34.916Z", "user": 1, "content_type": 19, "object_id": "75", "object_repr": "Order object (75)", "action_flag": 3, "change_message": ""}}, {"model": "admin.logentry", "pk": 340, "fields": {"action_time": "2022-01-31T09:21:34.919Z", "user": 1, "content_type": 19, "object_id": "74", "object_repr": "Order object (74)", "action_flag": 3, "change_message": ""}}, {"model": "admin.logentry", "pk": 341, "fields": {"action_time": "2022-01-31T09:21:34.921Z", "user": 1, "content_type": 19, "object_id": "73", "object_repr": "Order object (73)", "action_flag": 3, "change_message": ""}}, {"model": "admin.logentry", "pk": 342, "fields": {"action_time": "2022-01-31T09:21:34.924Z", "user": 1, "content_type": 19, "object_id": "72", "object_repr": "Order object (72)", "action_flag": 3, "change_message": ""}}, {"model": "admin.logentry", "pk": 343, "fields": {"action_time": "2022-01-31T09:21:34.926Z", "user": 1, "content_type": 19, "object_id": "71", "object_repr": "Order object (71)", "action_flag": 3, "change_message": ""}}, {"model": "admin.logentry", "pk": 344, "fields": {"action_time": "2022-01-31T09:21:34.928Z", "user": 1, "content_type": 19, "object_id": "70", "object_repr": "Order object (70)", "action_flag": 3, "change_message": ""}}, {"model": "admin.logentry", "pk": 345, "fields": {"action_time": "2022-01-31T09:21:34.930Z", "user": 1, "content_type": 19, "object_id": "69", "object_repr": "Order object (69)", "action_flag": 3, "change_message": ""}}, {"model": "admin.logentry", "pk": 346, "fields": {"action_time": "2022-01-31T09:21:34.932Z", "user": 1, "content_type": 19, "object_id": "68", "object_repr": "Order object (68)", "action_flag": 3, "change_message": ""}}, {"model": "admin.logentry", "pk": 347, "fields": {"action_time": "2022-01-31T09:21:34.934Z", "user": 1, "content_type": 19, "object_id": "67", "object_repr": "Order object (67)", "action_flag": 3, "change_message": ""}}, {"model": "admin.logentry", "pk": 348, "fields": {"action_time": "2022-01-31T09:21:34.937Z", "user": 1, "content_type": 19, "object_id": "66", "object_repr": "Order object (66)", "action_flag": 3, "change_message": ""}}, {"model": "admin.logentry", "pk": 349, "fields": {"action_time": "2022-01-31T09:21:34.940Z", "user": 1, "content_type": 19, "object_id": "65", "object_repr": "Order object (65)", "action_flag": 3, "change_message": ""}}, {"model": "admin.logentry", "pk": 350, "fields": {"action_time": "2022-01-31T09:21:34.942Z", "user": 1, "content_type": 19, "object_id": "64", "object_repr": "Order object (64)", "action_flag": 3, "change_message": ""}}, {"model": "admin.logentry", "pk": 351, "fields": {"action_time": "2022-01-31T09:21:34.944Z", "user": 1, "content_type": 19, "object_id": "63", "object_repr": "Order object (63)", "action_flag": 3, "change_message": ""}}, {"model": "admin.logentry", "pk": 352, "fields": {"action_time": "2022-01-31T09:21:34.946Z", "user": 1, "content_type": 19, "object_id": "62", "object_repr": "Order object (62)", "action_flag": 3, "change_message": ""}}, {"model": "admin.logentry", "pk": 353, "fields": {"action_time": "2022-01-31T09:21:34.949Z", "user": 1, "content_type": 19, "object_id": "61", "object_repr": "Order object (61)", "action_flag": 3, "change_message": ""}}, {"model": "admin.logentry", "pk": 354, "fields": {"action_time": "2022-01-31T09:21:34.952Z", "user": 1, "content_type": 19, "object_id": "60", "object_repr": "Order object (60)", "action_flag": 3, "change_message": ""}}, {"model": "admin.logentry", "pk": 355, "fields": {"action_time": "2022-01-31T09:21:34.954Z", "user": 1, "content_type": 19, "object_id": "59", "object_repr": "Order object (59)", "action_flag": 3, "change_message": ""}}, {"model": "admin.logentry", "pk": 356, "fields": {"action_time": "2022-01-31T09:21:34.955Z", "user": 1, "content_type": 19, "object_id": "58", "object_repr": "Order object (58)", "action_flag": 3, "change_message": ""}}, {"model": "admin.logentry", "pk": 357, "fields": {"action_time": "2022-01-31T09:21:34.958Z", "user": 1, "content_type": 19, "object_id": "57", "object_repr": "Order object (57)", "action_flag": 3, "change_message": ""}}, {"model": "admin.logentry", "pk": 358, "fields": {"action_time": "2022-01-31T09:21:34.960Z", "user": 1, "content_type": 19, "object_id": "56", "object_repr": "Order object (56)", "action_flag": 3, "change_message": ""}}, {"model": "admin.logentry", "pk": 359, "fields": {"action_time": "2022-01-31T09:21:34.962Z", "user": 1, "content_type": 19, "object_id": "55", "object_repr": "Order object (55)", "action_flag": 3, "change_message": ""}}, {"model": "admin.logentry", "pk": 360, "fields": {"action_time": "2022-01-31T09:21:34.964Z", "user": 1, "content_type": 19, "object_id": "54", "object_repr": "Order object (54)", "action_flag": 3, "change_message": ""}}, {"model": "admin.logentry", "pk": 361, "fields": {"action_time": "2022-01-31T09:21:34.966Z", "user": 1, "content_type": 19, "object_id": "53", "object_repr": "Order object (53)", "action_flag": 3, "change_message": ""}}, {"model": "admin.logentry", "pk": 362, "fields": {"action_time": "2022-01-31T09:21:34.968Z", "user": 1, "content_type": 19, "object_id": "52", "object_repr": "Order object (52)", "action_flag": 3, "change_message": ""}}, {"model": "admin.logentry", "pk": 363, "fields": {"action_time": "2022-01-31T09:21:34.970Z", "user": 1, "content_type": 19, "object_id": "51", "object_repr": "Order object (51)", "action_flag": 3, "change_message": ""}}, {"model": "admin.logentry", "pk": 364, "fields": {"action_time": "2022-01-31T09:21:34.972Z", "user": 1, "content_type": 19, "object_id": "50", "object_repr": "Order object (50)", "action_flag": 3, "change_message": ""}}, {"model": "admin.logentry", "pk": 365, "fields": {"action_time": "2022-01-31T09:30:05.739Z", "user": 1, "content_type": 19, "object_id": "82", "object_repr": "Order object (82)", "action_flag": 3, "change_message": ""}}, {"model": "admin.logentry", "pk": 366, "fields": {"action_time": "2022-01-31T09:30:05.743Z", "user": 1, "content_type": 19, "object_id": "81", "object_repr": "Order object (81)", "action_flag": 3, "change_message": ""}}, {"model": "admin.logentry", "pk": 367, "fields": {"action_time": "2022-01-31T09:30:05.745Z", "user": 1, "content_type": 19, "object_id": "80", "object_repr": "Order object (80)", "action_flag": 3, "change_message": ""}}, {"model": "admin.logentry", "pk": 368, "fields": {"action_time": "2022-01-31T09:32:01.655Z", "user": 1, "content_type": 19, "object_id": "84", "object_repr": "Order object (84)", "action_flag": 3, "change_message": ""}}, {"model": "admin.logentry", "pk": 369, "fields": {"action_time": "2022-01-31T09:32:01.662Z", "user": 1, "content_type": 19, "object_id": "83", "object_repr": "Order object (83)", "action_flag": 3, "change_message": ""}}, {"model": "admin.logentry", "pk": 370, "fields": {"action_time": "2022-01-31T09:51:18.025Z", "user": 1, "content_type": 19, "object_id": "87", "object_repr": "Order object (87)", "action_flag": 3, "change_message": ""}}, {"model": "admin.logentry", "pk": 371, "fields": {"action_time": "2022-01-31T09:51:18.030Z", "user": 1, "content_type": 19, "object_id": "86", "object_repr": "Order object (86)", "action_flag": 3, "change_message": ""}}, {"model": "admin.logentry", "pk": 372, "fields": {"action_time": "2022-01-31T09:51:18.033Z", "user": 1, "content_type": 19, "object_id": "85", "object_repr": "Order object (85)", "action_flag": 3, "change_message": ""}}, {"model": "admin.logentry", "pk": 373, "fields": {"action_time": "2022-01-31T09:57:15.093Z", "user": 1, "content_type": 19, "object_id": "91", "object_repr": "Order object (91)", "action_flag": 2, "change_message": "[{\"changed\": {\"fields\": [\"User\"]}}]"}}, {"model": "admin.logentry", "pk": 374, "fields": {"action_time": "2022-01-31T10:00:09.842Z", "user": 1, "content_type": 19, "object_id": "91", "object_repr": "Order object (91)", "action_flag": 3, "change_message": ""}}, {"model": "admin.logentry", "pk": 375, "fields": {"action_time": "2022-01-31T10:00:09.846Z", "user": 1, "content_type": 19, "object_id": "90", "object_repr": "Order object (90)", "action_flag": 3, "change_message": ""}}, {"model": "admin.logentry", "pk": 376, "fields": {"action_time": "2022-01-31T10:00:09.847Z", "user": 1, "content_type": 19, "object_id": "89", "object_repr": "Order object (89)", "action_flag": 3, "change_message": ""}}, {"model": "admin.logentry", "pk": 377, "fields": {"action_time": "2022-01-31T10:00:09.849Z", "user": 1, "content_type": 19, "object_id": "88", "object_repr": "Order object (88)", "action_flag": 3, "change_message": ""}}, {"model": "admin.logentry", "pk": 378, "fields": {"action_time": "2022-02-01T09:21:31.250Z", "user": 1, "content_type": 9, "object_id": "98", "object_repr": "new shirt", "action_flag": 3, "change_message": ""}}, {"model": "admin.logentry", "pk": 379, "fields": {"action_time": "2022-02-03T05:01:45.464Z", "user": 1, "content_type": 11, "object_id": "3", "object_repr": "Offer object (3)", "action_flag": 3, "change_message": ""}}, {"model": "admin.logentry", "pk": 380, "fields": {"action_time": "2022-02-03T05:01:54.004Z", "user": 1, "content_type": 11, "object_id": "5", "object_repr": "Offer object (5)", "action_flag": 3, "change_message": ""}}, {"model": "admin.logentry", "pk": 381, "fields": {"action_time": "2022-02-03T05:02:06.201Z", "user": 1, "content_type": 11, "object_id": "7", "object_repr": "Offer object (7)", "action_flag": 3, "change_message": ""}}, {"model": "admin.logentry", "pk": 382, "fields": {"action_time": "2022-02-03T05:02:10.324Z", "user": 1, "content_type": 11, "object_id": "9", "object_repr": "Offer object (9)", "action_flag": 3, "change_message": ""}}, {"model": "admin.logentry", "pk": 383, "fields": {"action_time": "2022-02-03T05:02:14.884Z", "user": 1, "content_type": 11, "object_id": "8", "object_repr": "Offer object (8)", "action_flag": 3, "change_message": ""}}, {"model": "admin.logentry", "pk": 384, "fields": {"action_time": "2022-02-03T05:02:29.319Z", "user": 1, "content_type": 11, "object_id": "4", "object_repr": "Offer object (4)", "action_flag": 3, "change_message": ""}}, {"model": "auth.permission", "pk": 1, "fields": {"name": "Can add log entry", "content_type": 1, "codename": "add_logentry"}}, {"model": "auth.permission", "pk": 2, "fields": {"name": "Can change log entry", "content_type": 1, "codename": "change_logentry"}}, {"model": "auth.permission", "pk": 3, "fields": {"name": "Can delete log entry", "content_type": 1, "codename": "delete_logentry"}}, {"model": "auth.permission", "pk": 4, "fields": {"name": "Can view log entry", "content_type": 1, "codename": "view_logentry"}}, {"model": "auth.permission", "pk": 5, "fields": {"name": "Can add permission", "content_type": 2, "codename": "add_permission"}}, {"model": "auth.permission", "pk": 6, "fields": {"name": "Can change permission", "content_type": 2, "codename": "change_permission"}}, {"model": "auth.permission", "pk": 7, "fields": {"name": "Can delete permission", "content_type": 2, "codename": "delete_permission"}}, {"model": "auth.permission", "pk": 8, "fields": {"name": "Can view permission", "content_type": 2, "codename": "view_permission"}}, {"model": "auth.permission", "pk": 9, "fields": {"name": "Can add group", "content_type": 3, "codename": "add_group"}}, {"model": "auth.permission", "pk": 10, "fields": {"name": "Can change group", "content_type": 3, "codename": "change_group"}}, {"model": "auth.permission", "pk": 11, "fields": {"name": "Can delete group", "content_type": 3, "codename": "delete_group"}}, {"model": "auth.permission", "pk": 12, "fields": {"name": "Can view group", "content_type": 3, "codename": "view_group"}}, {"model": "auth.permission", "pk": 13, "fields": {"name": "Can add content type", "content_type": 4, "codename": "add_contenttype"}}, {"model": "auth.permission", "pk": 14, "fields": {"name": "Can change content type", "content_type": 4, "codename": "change_contenttype"}}, {"model": "auth.permission", "pk": 15, "fields": {"name": "Can delete content type", "content_type": 4, "codename": "delete_contenttype"}}, {"model": "auth.permission", "pk": 16, "fields": {"name": "Can view content type", "content_type": 4, "codename": "view_contenttype"}}, {"model": "auth.permission", "pk": 17, "fields": {"name": "Can add session", "content_type": 5, "codename": "add_session"}}, {"model": "auth.permission", "pk": 18, "fields": {"name": "Can change session", "content_type": 5, "codename": "change_session"}}, {"model": "auth.permission", "pk": 19, "fields": {"name": "Can delete session", "content_type": 5, "codename": "delete_session"}}, {"model": "auth.permission", "pk": 20, "fields": {"name": "Can view session", "content_type": 5, "codename": "view_session"}}, {"model": "auth.permission", "pk": 21, "fields": {"name": "Can add category", "content_type": 6, "codename": "add_category"}}, {"model": "auth.permission", "pk": 22, "fields": {"name": "Can change category", "content_type": 6, "codename": "change_category"}}, {"model": "auth.permission", "pk": 23, "fields": {"name": "Can delete category", "content_type": 6, "codename": "delete_category"}}, {"model": "auth.permission", "pk": 24, "fields": {"name": "Can view category", "content_type": 6, "codename": "view_category"}}, {"model": "auth.permission", "pk": 25, "fields": {"name": "Can add sub category", "content_type": 7, "codename": "add_subcategory"}}, {"model": "auth.permission", "pk": 26, "fields": {"name": "Can change sub category", "content_type": 7, "codename": "change_subcategory"}}, {"model": "auth.permission", "pk": 27, "fields": {"name": "Can delete sub category", "content_type": 7, "codename": "delete_subcategory"}}, {"model": "auth.permission", "pk": 28, "fields": {"name": "Can view sub category", "content_type": 7, "codename": "view_subcategory"}}, {"model": "auth.permission", "pk": 29, "fields": {"name": "Can add sub sub category", "content_type": 8, "codename": "add_subsubcategory"}}, {"model": "auth.permission", "pk": 30, "fields": {"name": "Can change sub sub category", "content_type": 8, "codename": "change_subsubcategory"}}, {"model": "auth.permission", "pk": 31, "fields": {"name": "Can delete sub sub category", "content_type": 8, "codename": "delete_subsubcategory"}}, {"model": "auth.permission", "pk": 32, "fields": {"name": "Can view sub sub category", "content_type": 8, "codename": "view_subsubcategory"}}, {"model": "auth.permission", "pk": 33, "fields": {"name": "Can add products", "content_type": 9, "codename": "add_products"}}, {"model": "auth.permission", "pk": 34, "fields": {"name": "Can change products", "content_type": 9, "codename": "change_products"}}, {"model": "auth.permission", "pk": 35, "fields": {"name": "Can delete products", "content_type": 9, "codename": "delete_products"}}, {"model": "auth.permission", "pk": 36, "fields": {"name": "Can view products", "content_type": 9, "codename": "view_products"}}, {"model": "auth.permission", "pk": 37, "fields": {"name": "Can add options", "content_type": 10, "codename": "add_options"}}, {"model": "auth.permission", "pk": 38, "fields": {"name": "Can change options", "content_type": 10, "codename": "change_options"}}, {"model": "auth.permission", "pk": 39, "fields": {"name": "Can delete options", "content_type": 10, "codename": "delete_options"}}, {"model": "auth.permission", "pk": 40, "fields": {"name": "Can view options", "content_type": 10, "codename": "view_options"}}, {"model": "auth.permission", "pk": 41, "fields": {"name": "Can add offer", "content_type": 11, "codename": "add_offer"}}, {"model": "auth.permission", "pk": 42, "fields": {"name": "Can change offer", "content_type": 11, "codename": "change_offer"}}, {"model": "auth.permission", "pk": 43, "fields": {"name": "Can delete offer", "content_type": 11, "codename": "delete_offer"}}, {"model": "auth.permission", "pk": 44, "fields": {"name": "Can view offer", "content_type": 11, "codename": "view_offer"}}, {"model": "auth.permission", "pk": 45, "fields": {"name": "Can add new collection", "content_type": 12, "codename": "add_newcollection"}}, {"model": "auth.permission", "pk": 46, "fields": {"name": "Can change new collection", "content_type": 12, "codename": "change_newcollection"}}, {"model": "auth.permission", "pk": 47, "fields": {"name": "Can delete new collection", "content_type": 12, "codename": "delete_newcollection"}}, {"model": "auth.permission", "pk": 48, "fields": {"name": "Can view new collection", "content_type": 12, "codename": "view_newcollection"}}, {"model": "auth.permission", "pk": 49, "fields": {"name": "Can add user", "content_type": 13, "codename": "add_user"}}, {"model": "auth.permission", "pk": 50, "fields": {"name": "Can change user", "content_type": 13, "codename": "change_user"}}, {"model": "auth.permission", "pk": 51, "fields": {"name": "Can delete user", "content_type": 13, "codename": "delete_user"}}, {"model": "auth.permission", "pk": 52, "fields": {"name": "Can view user", "content_type": 13, "codename": "view_user"}}, {"model": "auth.permission", "pk": 53, "fields": {"name": "Can add brand", "content_type": 14, "codename": "add_brand"}}, {"model": "auth.permission", "pk": 54, "fields": {"name": "Can change brand", "content_type": 14, "codename": "change_brand"}}, {"model": "auth.permission", "pk": 55, "fields": {"name": "Can delete brand", "content_type": 14, "codename": "delete_brand"}}, {"model": "auth.permission", "pk": 56, "fields": {"name": "Can view brand", "content_type": 14, "codename": "view_brand"}}, {"model": "auth.permission", "pk": 57, "fields": {"name": "Can add sizes", "content_type": 15, "codename": "add_sizes"}}, {"model": "auth.permission", "pk": 58, "fields": {"name": "Can change sizes", "content_type": 15, "codename": "change_sizes"}}, {"model": "auth.permission", "pk": 59, "fields": {"name": "Can delete sizes", "content_type": 15, "codename": "delete_sizes"}}, {"model": "auth.permission", "pk": 60, "fields": {"name": "Can view sizes", "content_type": 15, "codename": "view_sizes"}}, {"model": "auth.permission", "pk": 61, "fields": {"name": "Can add wish list", "content_type": 16, "codename": "add_wishlist"}}, {"model": "auth.permission", "pk": 62, "fields": {"name": "Can change wish list", "content_type": 16, "codename": "change_wishlist"}}, {"model": "auth.permission", "pk": 63, "fields": {"name": "Can delete wish list", "content_type": 16, "codename": "delete_wishlist"}}, {"model": "auth.permission", "pk": 64, "fields": {"name": "Can view wish list", "content_type": 16, "codename": "view_wishlist"}}, {"model": "auth.permission", "pk": 65, "fields": {"name": "Can add addresses of user", "content_type": 17, "codename": "add_addressesofuser"}}, {"model": "auth.permission", "pk": 66, "fields": {"name": "Can change addresses of user", "content_type": 17, "codename": "change_addressesofuser"}}, {"model": "auth.permission", "pk": 67, "fields": {"name": "Can delete addresses of user", "content_type": 17, "codename": "delete_addressesofuser"}}, {"model": "auth.permission", "pk": 68, "fields": {"name": "Can view addresses of user", "content_type": 17, "codename": "view_addressesofuser"}}, {"model": "auth.permission", "pk": 69, "fields": {"name": "Can add cart", "content_type": 18, "codename": "add_cart"}}, {"model": "auth.permission", "pk": 70, "fields": {"name": "Can change cart", "content_type": 18, "codename": "change_cart"}}, {"model": "auth.permission", "pk": 71, "fields": {"name": "Can delete cart", "content_type": 18, "codename": "delete_cart"}}, {"model": "auth.permission", "pk": 72, "fields": {"name": "Can view cart", "content_type": 18, "codename": "view_cart"}}, {"model": "auth.permission", "pk": 73, "fields": {"name": "Can add order", "content_type": 19, "codename": "add_order"}}, {"model": "auth.permission", "pk": 74, "fields": {"name": "Can change order", "content_type": 19, "codename": "change_order"}}, {"model": "auth.permission", "pk": 75, "fields": {"name": "Can delete order", "content_type": 19, "codename": "delete_order"}}, {"model": "auth.permission", "pk": 76, "fields": {"name": "Can view order", "content_type": 19, "codename": "view_order"}}, {"model": "auth.permission", "pk": 77, "fields": {"name": "Can add bottom product display", "content_type": 20, "codename": "add_bottomproductdisplay"}}, {"model": "auth.permission", "pk": 78, "fields": {"name": "Can change bottom product display", "content_type": 20, "codename": "change_bottomproductdisplay"}}, {"model": "auth.permission", "pk": 79, "fields": {"name": "Can delete bottom product display", "content_type": 20, "codename": "delete_bottomproductdisplay"}}, {"model": "auth.permission", "pk": 80, "fields": {"name": "Can view bottom product display", "content_type": 20, "codename": "view_bottomproductdisplay"}}, {"model": "contenttypes.contenttype", "pk": 1, "fields": {"app_label": "admin", "model": "logentry"}}, {"model": "contenttypes.contenttype", "pk": 2, "fields": {"app_label": "auth", "model": "permission"}}, {"model": "contenttypes.contenttype", "pk": 3, "fields": {"app_label": "auth", "model": "group"}}, {"model": "contenttypes.contenttype", "pk": 4, "fields": {"app_label": "contenttypes", "model": "contenttype"}}, {"model": "contenttypes.contenttype", "pk": 5, "fields": {"app_label": "sessions", "model": "session"}}, {"model": "contenttypes.contenttype", "pk": 6, "fields": {"app_label": "apis", "model": "category"}}, {"model": "contenttypes.contenttype", "pk": 7, "fields": {"app_label": "apis", "model": "subcategory"}}, {"model": "contenttypes.contenttype", "pk": 8, "fields": {"app_label": "apis", "model": "subsubcategory"}}, {"model": "contenttypes.contenttype", "pk": 9, "fields": {"app_label": "apis", "model": "products"}}, {"model": "contenttypes.contenttype", "pk": 10, "fields": {"app_label": "apis", "model": "options"}}, {"model": "contenttypes.contenttype", "pk": 11, "fields": {"app_label": "apis", "model": "offer"}}, {"model": "contenttypes.contenttype", "pk": 12, "fields": {"app_label": "apis", "model": "newcollection"}}, {"model": "contenttypes.contenttype", "pk": 13, "fields": {"app_label": "apis", "model": "user"}}, {"model": "contenttypes.contenttype", "pk": 14, "fields": {"app_label": "apis", "model": "brand"}}, {"model": "contenttypes.contenttype", "pk": 15, "fields": {"app_label": "apis", "model": "sizes"}}, {"model": "contenttypes.contenttype", "pk": 16, "fields": {"app_label": "apis", "model": "wishlist"}}, {"model": "contenttypes.contenttype", "pk": 17, "fields": {"app_label": "apis", "model": "addressesofuser"}}, {"model": "contenttypes.contenttype", "pk": 18, "fields": {"app_label": "apis", "model": "cart"}}, {"model": "contenttypes.contenttype", "pk": 19, "fields": {"app_label": "apis", "model": "order"}}, {"model": "contenttypes.contenttype", "pk": 20, "fields": {"app_label": "apis", "model": "bottomproductdisplay"}}, {"model": "sessions.session", "pk": "39an2xwqqowud0zzv5y0o1403896rr3e", "fields": {"session_data": ".eJxVjEEOwiAQRe_C2hAYCFCX7j0DgZlBqgaS0q6Md9cmXej2v_f-S8S0rTVug5c4kzgLLU6_W0744LYDuqd26xJ7W5c5y12RBx3y2omfl8P9O6hp1G-N6A3m4hJPmIFL9qiIHWnyxjmnLASCYJRHN7ENugAEawFYU1BUtHh_AAkbOAQ:1n0dGU:7skKhzEjwRJXfqcwzsfcFPcMfhR17VjfC4yWWKrVWSw", "expire_date": "2022-01-07T05:37:14.561Z"}}, {"model": "sessions.session", "pk": "3ryta8mcp74x9patvzzc4h4xo8sw3qyc", "fields": {"session_data": ".eJxVjEEOwiAQRe_C2hAYCFCX7j0DgZlBqgaS0q6Md9cmXej2v_f-S8S0rTVug5c4kzgLLU6_W0744LYDuqd26xJ7W5c5y12RBx3y2omfl8P9O6hp1G-N6A3m4hJPmIFL9qiIHWnyxjmnLASCYJRHN7ENugAEawFYU1BUtHh_AAkbOAQ:1nBvi3:jURdFlXHrcLaC3awjRGz8ttDu0YsQcIS3yrmoHhUz2w", "expire_date": "2022-02-07T09:32:23.794Z"}}, {"model": "sessions.session", "pk": "75rw6ro9o3qkklszs5xew31o2iziyu2f", "fields": {"session_data": ".eJxVjEEOwiAQRe_C2hAYCFCX7j0DgZlBqgaS0q6Md9cmXej2v_f-S8S0rTVug5c4kzgLLU6_W0744LYDuqd26xJ7W5c5y12RBx3y2omfl8P9O6hp1G-N6A3m4hJPmIFL9qiIHWnyxjmnLASCYJRHN7ENugAEawFYU1BUtHh_AAkbOAQ:1n6mpL:vhznYIoUHrkv4583rRkE4LPEZxoN_p5aAiXiOaQYl64", "expire_date": "2022-01-24T05:02:39.930Z"}}, {"model": "sessions.session", "pk": "nn7v7celf4c1l1lp5jjczgnltkid43zi", "fields": {"session_data": ".eJxVjEEOwiAQRe_C2hAYCFCX7j0DgZlBqgaS0q6Md9cmXej2v_f-S8S0rTVug5c4kzgLLU6_W0744LYDuqd26xJ7W5c5y12RBx3y2omfl8P9O6hp1G-N6A3m4hJPmIFL9qiIHWnyxjmnLASCYJRHN7ENugAEawFYU1BUtHh_AAkbOAQ:1nETNX:AA07ws8dAuT4GOyWiZaEK7itv2ytPXq3cqs0NMwunMs", "expire_date": "2022-02-14T09:53:43.640Z"}}, {"model": "sessions.session", "pk": "pzs0zzktfrhipjc3wdpzu7xtkw3aiqzo", "fields": {"session_data": ".eJxVjEEOwiAQRe_C2hAYCFCX7j0DgZlBqgaS0q6Md9cmXej2v_f-S8S0rTVug5c4kzgLLU6_W0744LYDuqd26xJ7W5c5y12RBx3y2omfl8P9O6hp1G-N6A3m4hJPmIFL9qiIHWnyxjmnLASCYJRHN7ENugAEawFYU1BUtHh_AAkbOAQ:1n0dHq:P0hNXsgYan62XYyLgFbijbe1Nzshjo6gkmg0QUDD9G8", "expire_date": "2022-01-07T05:38:38.191Z"}}, {"model": "sessions.session", "pk": "tmxwkoyu2x6370ao37z2rmuvepuc4mc2", "fields": {"session_data": ".eJxVjEEOwiAQRe_C2hAYCFCX7j0DgZlBqgaS0q6Md9cmXej2v_f-S8S0rTVug5c4kzgLLU6_W0744LYDuqd26xJ7W5c5y12RBx3y2omfl8P9O6hp1G-N6A3m4hJPmIFL9qiIHWnyxjmnLASCYJRHN7ENugAEawFYU1BUtHh_AAkbOAQ:1nCNdM:hSFxQWNrBOPdi1ZERANcir5HaCdMoRse49B5fGAKx4k", "expire_date": "2022-02-08T15:21:24.592Z"}}, {"model": "sessions.session", "pk": "vq94n1fbszqpqoihzn2ppw6vv0z9m2vv", "fields": {"session_data": ".eJxVjEEOwiAQRe_C2hAYCFCX7j0DgZlBqgaS0q6Md9cmXej2v_f-S8S0rTVug5c4kzgLLU6_W0744LYDuqd26xJ7W5c5y12RBx3y2omfl8P9O6hp1G-N6A3m4hJPmIFL9qiIHWnyxjmnLASCYJRHN7ENugAEawFYU1BUtHh_AAkbOAQ:1nAmVs:hzRNZB1jlkcG8bXXKL2xnvOa-cHyWbG1Bao1Z8Ucyu8", "expire_date": "2022-02-04T05:31:04.269Z"}}, {"model": "apis.user", "pk": 1, "fields": {"password": "pbkdf2_sha256$260000$vPipAdvRKEIADCxye8wAoy$IM3wAMXQMgbcW0n2fVJYoBxM4hLeorYAIMcE2vfjRXg=", "last_login": "2022-01-31T09:53:43.637Z", "is_superuser": true, "email": "admin@gmail.com", "name": "admin", "is_active": true, "is_staff": true, "groups": [], "user_permissions": []}}, {"model": "apis.user", "pk": 31, "fields": {"password": "pbkdf2_sha256$260000$WwAJrh56UrdQ1HVdJ3iG1B$o3adJZDqJKB7tfliXa7mDx/izV9RkJgAep7bNtDw9tw=", "last_login": null, "is_superuser": false, "email": "mbshrcvr@gmail.com", "name": "Mubashir", "is_active": true, "is_staff": false, "groups": [], "user_permissions": []}}, {"model": "apis.user", "pk": 32, "fields": {"password": "pbkdf2_sha256$260000$Wh4uAwnjVLkwqNiRCFDlUW$T9tHpyCmxfhlWmgvp4uaeS50NSlDhOZllq6ZeBPbLNc=", "last_login": null, "is_superuser": false, "email": "murugan@gmail.com", "name": "murugan", "is_active": true, "is_staff": false, "groups": [], "user_permissions": []}}, {"model": "apis.user", "pk": 33, "fields": {"password": "pbkdf2_sha256$260000$875cfwAQp5fZb3YDNXG94D$QGD/uKP56PqRGSYYMlQIZL9KTO6etdzARWBv7XZOWaA=", "last_login": null, "is_superuser": false, "email": "x@gmail.com", "name": "Murugan", "is_active": true, "is_staff": false, "groups": [], "user_permissions": []}}, {"model": "apis.addressesofuser", "pk": 6, "fields": {"user": 1, "address": "pasukaranpatti", "city": "USILAMPATTI", "country": "India", "pincode": "625532", "firstName": "Murugan", "lastName": "C", "phone": "07339234152", "email": "muruganck4you@gmail.com"}}, {"model": "apis.addressesofuser", "pk": 17, "fields": {"user": 31, "address": "Vettuvedichalil", "city": "Malappuram", "country": "India", "pincode": "673645", "firstName": "Mubashir", "lastName": "V", "phone": "9656248731", "email": "mbshrcvr@gmail.com"}}, {"model": "apis.addressesofuser", "pk": 18, "fields": {"user": 33, "address": "pasukaranpatti", "city": "USILAMPATTI", "country": "India", "pincode": "625532", "firstName": "Murugan", "lastName": "C", "phone": "07339234152", "email": "x@gmail.com"}}, {"model": "apis.category", "pk": 11, "fields": {"name": "Fashion", "title": "Fashion", "description": "Fashion"}}, {"model": "apis.category", "pk": 13, "fields": {"name": "beauty", "title": "beauty", "description": "beauty"}}, {"model": "apis.category", "pk": 15, "fields": {"name": "automoto", "title": "automoto", "description": "automoto"}}, {"model": "apis.category", "pk": 16, "fields": {"name": "electronics", "title": "electronics", "description": "electronics"}}, {"model": "apis.category", "pk": 17, "fields": {"name": "household", "title": "household", "description": "household"}}, {"model": "apis.category", "pk": 18, "fields": {"name": "sport", "title": "sport", "description": "sport"}}, {"model": "apis.category", "pk": 19, "fields": {"name": "pet supply", "title": "pet supply", "description": "pet supply"}}, {"model": "apis.subcategory", "pk": 13, "fields": {"category": 11, "order": 1, "image": "Subcategory/category-2_FexzOG2.jpg", "image_ppoi": "0.5x0.5", "name": "MENS FASHION"}}, {"model": "apis.subcategory", "pk": 14, "fields": {"category": 11, "order": 2, "image": "Subcategory/free-free-na-1-sohbrc8090-sohi-original-imag9s3jvq6gxdz3.jpeg", "image_ppoi": "0.5x0.5", "name": "WOMENS FASHION"}}, {"model": "apis.subcategory", "pk": 15, "fields": {"category": 11, "order": 3, "image": "Subcategory/category-3_VnozEtm.jpg", "image_ppoi": "0.5x0.5", "name": "KIDS"}}, {"model": "apis.subcategory", "pk": 17, "fields": {"category": 13, "order": 2, "image": "Subcategory/haircare_UZ0QItq.jpg", "image_ppoi": "0.5x0.5", "name": "hair care"}}, {"model": "apis.subcategory", "pk": 18, "fields": {"category": 13, "order": 3, "image": "Subcategory/fragrence_teaOOa5.jpg", "image_ppoi": "0.5x0.5", "name": "fragrence"}}, {"model": "apis.subcategory", "pk": 19, "fields": {"category": 13, "order": 4, "image": "Subcategory/makeup_kAIFVlv.jpg", "image_ppoi": "0.5x0.5", "name": "makeup"}}, {"model": "apis.subcategory", "pk": 20, "fields": {"category": 13, "order": 5, "image": "Subcategory/skincare_GmB7gom.jpg", "image_ppoi": "0.5x0.5", "name": "Skin care"}}, {"model": "apis.subcategory", "pk": 21, "fields": {"category": 13, "order": 6, "image": "Subcategory/tools_SExsivO.jpg", "image_ppoi": "0.5x0.5", "name": "personal care"}}, {"model": "apis.subsubcategory", "pk": 29, "fields": {"subcategory": 13, "order": 2, "image": "SubSubcategory/pant.jpeg", "image_ppoi": "0.5x0.5", "name": "Pants"}}, {"model": "apis.subsubcategory", "pk": 30, "fields": {"subcategory": 13, "order": 3, "image": "SubSubcategory/t-shirt.jpeg", "image_ppoi": "0.5x0.5", "name": "t-shirt"}}, {"model": "apis.subsubcategory", "pk": 31, "fields": {"subcategory": 13, "order": 4, "image": "SubSubcategory/shirt.jpeg", "image_ppoi": "0.5x0.5", "name": "SHIRT"}}, {"model": "apis.subsubcategory", "pk": 32, "fields": {"subcategory": 14, "order": 1, "image": "SubSubcategory/saree.jpeg", "image_ppoi": "0.5x0.5", "name": "sareee"}}, {"model": "apis.subsubcategory", "pk": 33, "fields": {"subcategory": 14, "order": 2, "image": "SubSubcategory/yes-2-m-unstitched-2-2-m-daliya-skyblue-vasundhra-fashion-original-imag6_kvGPZB3.jpeg", "image_ppoi": "0.5x0.5", "name": "chuditar"}}, {"model": "apis.subsubcategory", "pk": 34, "fields": {"subcategory": 14, "order": 3, "image": "SubSubcategory/adjustable-r001-ring-giva-original-imag4cz89rngfnh2.jpeg", "image_ppoi": "0.5x0.5", "name": "jewellery"}}, {"model": "apis.subsubcategory", "pk": 35, "fields": {"subcategory": 15, "order": 1, "image": "SubSubcategory/ks.jpeg", "image_ppoi": "0.5x0.5", "name": "clothings"}}, {"model": "apis.subsubcategory", "pk": 36, "fields": {"subcategory": 15, "order": 2, "image": "SubSubcategory/big-size-funny-unicorn-stuffed-animal-plush-toy-unicorn-soft-original-im_f3cd2yt.jpeg", "image_ppoi": "0.5x0.5", "name": "Toys"}}, {"model": "apis.subsubcategory", "pk": 37, "fields": {"subcategory": 15, "order": 3, "image": "SubSubcategory/images.jpg", "image_ppoi": "0.5x0.5", "name": "baby care"}}, {"model": "apis.subsubcategory", "pk": 38, "fields": {"subcategory": 17, "order": 1, "image": "SubSubcategory/cf6f18d1ca479ff0f846d69d64dc0a45.jpg", "image_ppoi": "0.5x0.5", "name": "hair accesories"}}, {"model": "apis.subsubcategory", "pk": 39, "fields": {"subcategory": 17, "order": 2, "image": "SubSubcategory/bc669fa655c4d8f16e5d317478550c54.jpg", "image_ppoi": "0.5x0.5", "name": "hair coloring tools"}}, {"model": "apis.subsubcategory", "pk": 40, "fields": {"subcategory": 17, "order": 3, "image": "SubSubcategory/dcec8d6651942853bae9093895f015b1_iAGbOoO.jpg", "image_ppoi": "0.5x0.5", "name": "Wigs & accessories"}}, {"model": "apis.subsubcategory", "pk": 41, "fields": {"subcategory": 17, "order": 4, "image": "SubSubcategory/34b6a50836650cd35de0fe2a7fa01635.jpg", "image_ppoi": "0.5x0.5", "name": "hair loss products"}}, {"model": "apis.subsubcategory", "pk": 42, "fields": {"subcategory": 17, "order": 5, "image": "SubSubcategory/3ccfc027b56df69665298522bab9f769.jpg", "image_ppoi": "0.5x0.5", "name": "Cutting TOOLS"}}, {"model": "apis.subsubcategory", "pk": 43, "fields": {"subcategory": 13, "order": 5, "image": "SubSubcategory/7-11410-navy-t-rock-11410-navy-original-imafnzqrcpvd5ebw.jpeg", "image_ppoi": "0.5x0.5", "name": "shoes"}}, {"model": "apis.brand", "pk": 1, "fields": {"name": "Adidas", "is_popular": true}}, {"model": "apis.brand", "pk": 2, "fields": {"name": "puma", "is_popular": true}}, {"model": "apis.products", "pk": 58, "fields": {"subsubcategory": 29, "brand": 1, "order": 2, "image": "Products/32-maw21elppjn511-metronaut-original-imag9eucrdzewevy.jpeg", "image_ppoi": "0.5x0.5", "name": "jeans pant", "productpriceEuro": 0, "productpriceDollar": 0, "productpriceSterling": 0, "productpriceDirham": 0, "productpriceSar": 0, "created_date": "2022-01-04T13:24:01.068Z", "stock": 12}}, {"model": "apis.products", "pk": 59, "fields": {"subsubcategory": 29, "brand": null, "order": 3, "image": "Products/30-hltr003912-highlander-original-imafpchthng5dutz.jpeg", "image_ppoi": "0.5x0.5", "name": "lycra pant", "productpriceEuro": 0, "productpriceDollar": 0, "productpriceSterling": 0, "productpriceDirham": 0, "productpriceSar": 0, "created_date": "2022-01-03T09:11:43.426Z", "stock": null}}, {"model": "apis.products", "pk": 60, "fields": {"subsubcategory": 29, "brand": null, "order": 4, "image": "Products/xl-mens-track-vebnor-original-imafxs4mnzayj3dx.jpeg", "image_ppoi": "0.5x0.5", "name": "track pant", "productpriceEuro": 0, "productpriceDollar": 0, "productpriceSterling": 0, "productpriceDirham": 0, "productpriceSar": 0, "created_date": "2022-01-03T09:14:01.215Z", "stock": null}}, {"model": "apis.products", "pk": 62, "fields": {"subsubcategory": 31, "brand": null, "order": 2, "image": "Products/l-hlsh008851-highlander-original-imafwyf2dpqbwzhc.jpeg", "image_ppoi": "0.5x0.5", "name": "demin sirt", "productpriceEuro": 0, "productpriceDollar": 0, "productpriceSterling": 0, "productpriceDirham": 0, "productpriceSar": 0, "created_date": "2022-01-03T09:29:44.794Z", "stock": null}}, {"model": "apis.products", "pk": 63, "fields": {"subsubcategory": 31, "brand": null, "order": 3, "image": "Products/xxl-black-xxl-indianos-original-imag9frgmfwy4yhj.jpeg", "image_ppoi": "0.5x0.5", "name": "designer sirt", "productpriceEuro": 0, "productpriceDollar": 0, "productpriceSterling": 0, "productpriceDirham": 0, "productpriceSar": 0, "created_date": "2022-01-03T09:33:05.570Z", "stock": null}}, {"model": "apis.products", "pk": 64, "fields": {"subsubcategory": 30, "brand": null, "order": 1, "image": "Products/m-t305-as10yldnwh-seven-rocks-original-imafz2qfvx7tznnn.jpeg", "image_ppoi": "0.5x0.5", "name": "full sleave", "productpriceEuro": 0, "productpriceDollar": 0, "productpriceSterling": 0, "productpriceDirham": 0, "productpriceSar": 0, "created_date": "2022-01-03T09:35:22.044Z", "stock": null}}, {"model": "apis.products", "pk": 65, "fields": {"subsubcategory": 30, "brand": null, "order": 2, "image": "Products/l-kporgfk02456-allen-solly-original-imafh3ura3rnyk3y.jpeg", "image_ppoi": "0.5x0.5", "name": "half sleave", "productpriceEuro": 0, "productpriceDollar": 0, "productpriceSterling": 0, "productpriceDirham": 0, "productpriceSar": 0, "created_date": "2022-01-03T09:37:50.749Z", "stock": null}}, {"model": "apis.products", "pk": 66, "fields": {"subsubcategory": 32, "brand": 1, "order": 1, "image": "Products/free-lightbluesarnn-silk-saree-pure-cotton-sarees-for-summer-original-imag2cpdgfkqh5gy.jpeg", "image_ppoi": "0.5x0.5", "name": "cotton saree", "productpriceEuro": 0, "productpriceDollar": 0, "productpriceSterling": 0, "productpriceDirham": 0, "productpriceSar": 0, "created_date": "2022-01-04T10:20:02.284Z", "stock": 12}}, {"model": "apis.products", "pk": 67, "fields": {"subsubcategory": 32, "brand": null, "order": 2, "image": "Products/free-peacoc-runaya-nx-unstitched-original-imafsvstham5gwpf.jpeg", "image_ppoi": "0.5x0.5", "name": "silk saree", "productpriceEuro": 0, "productpriceDollar": 0, "productpriceSterling": 0, "productpriceDirham": 0, "productpriceSar": 0, "created_date": "2022-01-03T09:46:09.928Z", "stock": null}}, {"model": "apis.products", "pk": 68, "fields": {"subsubcategory": 33, "brand": null, "order": 1, "image": "Products/f2-yetnik-original-imafmfgsgarb264u.jpeg", "image_ppoi": "0.5x0.5", "name": "chudi1", "productpriceEuro": 0, "productpriceDollar": 0, "productpriceSterling": 0, "productpriceDirham": 0, "productpriceSar": 0, "created_date": "2022-01-03T09:48:40.911Z", "stock": null}}, {"model": "apis.products", "pk": 69, "fields": {"subsubcategory": 33, "brand": null, "order": 2, "image": "Products/yes-2-35-m-unstitched-2-2-m-agr-10015-pisara-original-imag6yyhuzhtd5xy.jpeg", "image_ppoi": "0.5x0.5", "name": "chudi2", "productpriceEuro": 0, "productpriceDollar": 0, "productpriceSterling": 0, "productpriceDirham": 0, "productpriceSar": 0, "created_date": "2022-01-03T09:50:14.266Z", "stock": null}}, {"model": "apis.products", "pk": 70, "fields": {"subsubcategory": 32, "brand": null, "order": 3, "image": "Products/free-best-stylish-bollywood-fashion-style-by-best-designer-original-imafw7gtkedcgnbn.jpeg", "image_ppoi": "0.5x0.5", "name": "saree3", "productpriceEuro": 0, "productpriceDollar": 0, "productpriceSterling": 0, "productpriceDirham": 0, "productpriceSar": 0, "created_date": "2022-01-03T09:52:27.217Z", "stock": null}}, {"model": "apis.products", "pk": 71, "fields": {"subsubcategory": 34, "brand": null, "order": 1, "image": "Products/adjustable-1-r047-ring-giva-original-imag6xvyyjnz4c6g.jpeg", "image_ppoi": "0.5x0.5", "name": "ring1", "productpriceEuro": 0, "productpriceDollar": 0, "productpriceSterling": 0, "productpriceDirham": 0, "productpriceSar": 0, "created_date": "2022-01-03T09:56:25.929Z", "stock": null}}, {"model": "apis.products", "pk": 72, "fields": {"subsubcategory": 34, "brand": null, "order": 2, "image": "Products/free-free-na-1-sohbrc8090-sohi-original-imag9s3jmgqdvm2j.jpeg", "image_ppoi": "0.5x0.5", "name": "bracelet", "productpriceEuro": 0, "productpriceDollar": 0, "productpriceSterling": 0, "productpriceDirham": 0, "productpriceSar": 0, "created_date": "2022-01-03T09:58:17.490Z", "stock": null}}, {"model": "apis.products", "pk": 73, "fields": {"subsubcategory": 35, "brand": null, "order": 1, "image": "Products/6-12-months-scs-lakshu-fashions-original-imaff8ftsxrzwdaq.jpeg", "image_ppoi": "0.5x0.5", "name": "cloth1", "productpriceEuro": 0, "productpriceDollar": 0, "productpriceSterling": 0, "productpriceDirham": 0, "productpriceSar": 0, "created_date": "2022-01-03T10:05:36.440Z", "stock": null}}, {"model": "apis.products", "pk": 74, "fields": {"subsubcategory": 35, "brand": null, "order": 2, "image": "Products/2-3-years-digibc001-digimart-original-imag69ha2hensycf.jpeg", "image_ppoi": "0.5x0.5", "name": "cloth2", "productpriceEuro": 0, "productpriceDollar": 0, "productpriceSterling": 0, "productpriceDirham": 0, "productpriceSar": 0, "created_date": "2022-01-03T10:06:31.190Z", "stock": null}}, {"model": "apis.products", "pk": 76, "fields": {"subsubcategory": 35, "brand": null, "order": 3, "image": "Products/free-4-baby-knee-pads-for-crawling-anti-slip-padded-stretchable-original-imag3_FS3hmui.jpeg", "image_ppoi": "0.5x0.5", "name": "cloth3", "productpriceEuro": 0, "productpriceDollar": 0, "productpriceSterling": 0, "productpriceDirham": 0, "productpriceSar": 0, "created_date": "2022-01-03T10:07:31.650Z", "stock": null}}, {"model": "apis.products", "pk": 77, "fields": {"subsubcategory": 35, "brand": null, "order": 4, "image": "Products/11-12-years-mdress-ftc-fashions-original-imag4qtpghuxnuyx.jpeg", "image_ppoi": "0.5x0.5", "name": "cloth4", "productpriceEuro": 0, "productpriceDollar": 0, "productpriceSterling": 0, "productpriceDirham": 0, "productpriceSar": 0, "created_date": "2022-01-03T10:09:04.027Z", "stock": null}}, {"model": "apis.products", "pk": 78, "fields": {"subsubcategory": 36, "brand": null, "order": 1, "image": "Products/big-and-mean-rock-crawling-1-20-scale-modified-off-road-hummer-original-imafm6_L6nRR5j.jpeg", "image_ppoi": "0.5x0.5", "name": "toy", "productpriceEuro": 0, "productpriceDollar": 0, "productpriceSterling": 0, "productpriceDirham": 0, "productpriceSar": 0, "created_date": "2022-01-03T10:15:35.488Z", "stock": null}}, {"model": "apis.products", "pk": 79, "fields": {"subsubcategory": 36, "brand": null, "order": 2, "image": "Products/basket-ball-kit-for-kids-playing-indoor-outdoor-basket-ball-original-imag8q8zwhzxgja2.jpeg", "image_ppoi": "0.5x0.5", "name": "toy2", "productpriceEuro": 0, "productpriceDollar": 0, "productpriceSterling": 0, "productpriceDirham": 0, "productpriceSar": 0, "created_date": "2022-01-03T10:17:18.643Z", "stock": null}}, {"model": "apis.products", "pk": 80, "fields": {"subsubcategory": 37, "brand": 1, "order": 1, "image": "Products/baby-diaper-pants-2-x-48-pcs-l-96-little-angel-original-imafu63w4xshhmpm.jpeg", "image_ppoi": "0.5x0.5", "name": "diaper", "productpriceEuro": 0, "productpriceDollar": 0, "productpriceSterling": 0, "productpriceDirham": 0, "productpriceSar": 0, "created_date": "2022-01-04T10:20:11.330Z", "stock": 12}}, {"model": "apis.products", "pk": 81, "fields": {"subsubcategory": 37, "brand": null, "order": 2, "image": "Products/kids-oral-b-extra-soft-original-imag489wgzumyhex.jpeg", "image_ppoi": "0.5x0.5", "name": "baby brush", "productpriceEuro": 0, "productpriceDollar": 0, "productpriceSterling": 0, "productpriceDirham": 0, "productpriceSar": 0, "created_date": "2022-01-03T10:22:54.400Z", "stock": null}}, {"model": "apis.products", "pk": 82, "fields": {"subsubcategory": 38, "brand": null, "order": 1, "image": "Products/hair-accessories-hair-styling-tools-bun-maker-combo-offer-with-original-imafzm_LNBcgXD.jpeg", "image_ppoi": "0.5x0.5", "name": "product1", "productpriceEuro": 0, "productpriceDollar": 0, "productpriceSterling": 0, "productpriceDirham": 0, "productpriceSar": 0, "created_date": "2022-01-03T10:38:02.191Z", "stock": null}}, {"model": "apis.products", "pk": 83, "fields": {"subsubcategory": 38, "brand": null, "order": 2, "image": "Products/beautiful-white-pearl-hair-jewelry-bridal-hair-pin-juda-pins-12-original-imafk_f9AdhLa.jpeg", "image_ppoi": "0.5x0.5", "name": "product2", "productpriceEuro": 0, "productpriceDollar": 0, "productpriceSterling": 0, "productpriceDirham": 0, "productpriceSar": 0, "created_date": "2022-01-03T10:39:57.053Z", "stock": null}}, {"model": "apis.products", "pk": 84, "fields": {"subsubcategory": 40, "brand": null, "order": 1, "image": "Products/6044-d-divine-original-imafv5ukszsgzjzg.jpeg", "image_ppoi": "0.5x0.5", "name": "wig 1", "productpriceEuro": 0, "productpriceDollar": 0, "productpriceSterling": 0, "productpriceDirham": 0, "productpriceSar": 0, "created_date": "2022-01-03T10:41:13.993Z", "stock": null}}, {"model": "apis.products", "pk": 85, "fields": {"subsubcategory": 40, "brand": null, "order": 2, "image": "Products/nsdn-rapidsflow-original-imafhgf5dtwkhfs6.jpeg", "image_ppoi": "0.5x0.5", "name": "wig 2", "productpriceEuro": 0, "productpriceDollar": 0, "productpriceSterling": 0, "productpriceDirham": 0, "productpriceSar": 0, "created_date": "2022-01-03T10:42:57.826Z", "stock": null}}, {"model": "apis.products", "pk": 86, "fields": {"subsubcategory": 41, "brand": null, "order": 1, "image": "Products/hair-growth-vitalizer-100ml-anti-hair-fall-shampoo-250ml-original-imag2b99y6bn3vmy.jpeg", "image_ppoi": "0.5x0.5", "name": "loss1", "productpriceEuro": 0, "productpriceDollar": 0, "productpriceSterling": 0, "productpriceDirham": 0, "productpriceSar": 0, "created_date": "2022-01-03T10:45:29.016Z", "stock": null}}, {"model": "apis.products", "pk": 87, "fields": {"subsubcategory": 29, "brand": null, "order": 5, "image": "Products/28-kctr-5555-grey-fubar-original-imag2jfjzqndpegz.jpeg", "image_ppoi": "0.5x0.5", "name": "testing sample", "productpriceEuro": 0, "productpriceDollar": 0, "productpriceSterling": 0, "productpriceDirham": 0, "productpriceSar": 0, "created_date": "2022-01-03T16:48:53.202Z", "stock": null}}, {"model": "apis.products", "pk": 88, "fields": {"subsubcategory": 31, "brand": 1, "order": 4, "image": "Products/s-black-5-jai-textiles-original-imag42m5hcfue7np_6yILJ2I.jpeg", "image_ppoi": "0.5x0.5", "name": "testing shirt", "productpriceEuro": 23, "productpriceDollar": 23, "productpriceSterling": 23, "productpriceDirham": 23, "productpriceSar": 23, "created_date": "2022-01-21T05:27:06.577Z", "stock": 23}}, {"model": "apis.products", "pk": 89, "fields": {"subsubcategory": 32, "brand": null, "order": 4, "image": "Products/free-1628sh21602-saara-unstitched-original-imafwftybzhhgchm.jpeg", "image_ppoi": "0.5x0.5", "name": "Bollywood Crepe Saree", "productpriceEuro": 0, "productpriceDollar": 0, "productpriceSterling": 0, "productpriceDirham": 0, "productpriceSar": 0, "created_date": "2022-01-05T06:47:28.458Z", "stock": null}}, {"model": "apis.products", "pk": 90, "fields": {"subsubcategory": 43, "brand": null, "order": 1, "image": "Products/springw-7-luxury-fashion-white-original-imafthnqp4jyw3gp.jpeg", "image_ppoi": "0.5x0.5", "name": "Luxury Fashionable casual shoes Sneakers For Men", "productpriceEuro": 0, "productpriceDollar": 0, "productpriceSterling": 0, "productpriceDirham": 0, "productpriceSar": 0, "created_date": "2022-01-05T06:51:36.040Z", "stock": null}}, {"model": "apis.products", "pk": 91, "fields": {"subsubcategory": 43, "brand": null, "order": 2, "image": "Products/8-3800-loffer-t-rock-black-original-imag6mwqfhcynukr.jpeg", "image_ppoi": "0.5x0.5", "name": "T-ROCK  Stylish Loafers For Men", "productpriceEuro": 0, "productpriceDollar": 0, "productpriceSterling": 0, "productpriceDirham": 0, "productpriceSar": 0, "created_date": "2022-01-05T06:55:10.720Z", "stock": null}}, {"model": "apis.products", "pk": 92, "fields": {"subsubcategory": 31, "brand": 2, "order": 5, "image": "Products/xxl-c301-black-dennis-lingo-original-imafw2gg2n7ygpwv.jpeg", "image_ppoi": "0.5x0.5", "name": "Dennis Lingo  shirt", "productpriceEuro": 25, "productpriceDollar": 25, "productpriceSterling": 25, "productpriceDirham": 25, "productpriceSar": 25, "created_date": "2022-01-21T05:26:38.247Z", "stock": 23}}, {"model": "apis.products", "pk": 93, "fields": {"subsubcategory": 30, "brand": null, "order": 3, "image": "Products/l-tsrt-302-reya-original-imafyrjpruzeac5f.jpeg", "image_ppoi": "0.5x0.5", "name": "Striped Men Round Neck Black T-Shirt", "productpriceEuro": 0, "productpriceDollar": 0, "productpriceSterling": 0, "productpriceDirham": 0, "productpriceSar": 0, "created_date": "2022-01-06T06:54:55.727Z", "stock": null}}, {"model": "apis.products", "pk": 94, "fields": {"subsubcategory": 30, "brand": null, "order": 4, "image": "Products/l-togo-try-this-original-imafvvbgytpenkkg.jpeg", "image_ppoi": "0.5x0.5", "name": "Striped Men Round Neck Black T-Shirt", "productpriceEuro": 0, "productpriceDollar": 0, "productpriceSterling": 0, "productpriceDirham": 0, "productpriceSar": 0, "created_date": "2022-01-06T06:55:50.454Z", "stock": null}}, {"model": "apis.products", "pk": 95, "fields": {"subsubcategory": 43, "brand": null, "order": 3, "image": "Products/6-387965-6-puma-white-victoria-blue-vibrant-orange-original-imaga6htaczfrdy8.jpeg", "image_ppoi": "0.5x0.5", "name": "Glory Sneakers For Men", "productpriceEuro": 0, "productpriceDollar": 0, "productpriceSterling": 0, "productpriceDirham": 0, "productpriceSar": 0, "created_date": "2022-01-08T03:39:50.035Z", "stock": null}}, {"model": "apis.products", "pk": 96, "fields": {"subsubcategory": 29, "brand": 2, "order": 6, "image": "Products/32-pctfosspw30007-peter-england-original-imag5yjqzk9arw4h_cK7C0ft.jpeg", "image_ppoi": "0.5x0.5", "name": "cotton shirt", "productpriceEuro": 120, "productpriceDollar": 120, "productpriceSterling": 120, "productpriceDirham": 120, "productpriceSar": 120, "created_date": "2022-01-22T12:21:30.235Z", "stock": null}}, {"model": "apis.products", "pk": 97, "fields": {"subsubcategory": 30, "brand": 2, "order": 5, "image": "Products/8-9-years-ktb-singham-original-imagyv6vvzxquqp6.jpeg", "image_ppoi": "0.5x0.5", "name": "new t shirt", "productpriceEuro": 12, "productpriceDollar": 15, "productpriceSterling": 20, "productpriceDirham": 21, "productpriceSar": 50, "created_date": "2022-01-23T16:15:12.825Z", "stock": null}}, {"model": "apis.products", "pk": 99, "fields": {"subsubcategory": 32, "brand": 2, "order": 1, "image": "Products/kb-0040-kb-0040-hand-held-bag-kausbabi-original-imafg6fczy4tdads.jpeg", "image_ppoi": "0.5x0.5", "name": "hand bag-1", "productpriceEuro": 12, "productpriceDollar": 21, "productpriceSterling": 12, "productpriceDirham": 123, "productpriceSar": 123, "created_date": "2022-01-26T04:54:18.080Z", "stock": 12}}, {"model": "apis.products", "pk": 100, "fields": {"subsubcategory": 32, "brand": 1, "order": 2, "image": "Products/handbag-combo-of-5-grey-lightcare-fgo-266-4-fgo-266-4-handbag-original-imag9cu_VLVeX3A.jpeg", "image_ppoi": "0.5x0.5", "name": "bag-2", "productpriceEuro": 21, "productpriceDollar": 21, "productpriceSterling": 21, "productpriceDirham": 12, "productpriceSar": 12, "created_date": "2022-01-26T04:55:07.830Z", "stock": 12}}, {"model": "apis.products", "pk": 101, "fields": {"subsubcategory": 32, "brand": 2, "order": 3, "image": "Products/new-styles-01903-hand-held-bag-franklee-original-imafp8hxgspehhfr.jpeg", "image_ppoi": "0.5x0.5", "name": "bag3", "productpriceEuro": 12, "productpriceDollar": 21, "productpriceSterling": 12, "productpriceDirham": 21, "productpriceSar": 12, "created_date": "2022-01-26T04:56:16.683Z", "stock": 12}}, {"model": "apis.products", "pk": 102, "fields": {"subsubcategory": 32, "brand": 2, "order": 4, "image": "Products/a3077ppl01-26-5-a3077ppl01-shoulder-bag-fastrack-28-original-imagahxraegcndgc.jpeg", "image_ppoi": "0.5x0.5", "name": "Prod21", "productpriceEuro": 21, "productpriceDollar": 21, "productpriceSterling": 21, "productpriceDirham": 21, "productpriceSar": 21, "created_date": "2022-01-26T04:57:07.275Z", "stock": 21}}, {"model": "apis.products", "pk": 103, "fields": {"subsubcategory": 32, "brand": 2, "order": 5, "image": "Products/stylish-women-red-satchel-handbag-women-stylish-handbag-original-imaft9z8anmudxhr.jpeg", "image_ppoi": "0.5x0.5", "name": "bags5", "productpriceEuro": 12, "productpriceDollar": 21, "productpriceSterling": 21, "productpriceDirham": 21, "productpriceSar": 12, "created_date": "2022-01-26T04:58:14.253Z", "stock": 21}}, {"model": "apis.products", "pk": 104, "fields": {"subsubcategory": 32, "brand": 2, "order": 2, "image": "Products/women-beige-hand-held-bag-43-ahbgfrgbp80110-hand-held-bag-allen-original-imaga_SQoJjBS.jpeg", "image_ppoi": "0.5x0.5", "name": "Produ1", "productpriceEuro": 1, "productpriceDollar": 12, "productpriceSterling": 23, "productpriceDirham": 23, "productpriceSar": 21, "created_date": "2022-01-26T05:01:44.938Z", "stock": 21}}, {"model": "apis.products", "pk": 105, "fields": {"subsubcategory": 32, "brand": 2, "order": 12, "image": "Products/-original-imaga9zg7ggzqptm.jpeg", "image_ppoi": "0.5x0.5", "name": "Producee", "productpriceEuro": 12, "productpriceDollar": 12, "productpriceSterling": 12, "productpriceDirham": 12, "productpriceSar": 12, "created_date": "2022-01-26T05:02:28.513Z", "stock": 12}}, {"model": "apis.products", "pk": 106, "fields": {"subsubcategory": 32, "brand": 2, "order": 5, "image": "Products/-original-imagamdus4nmhjyz.jpeg", "image_ppoi": "0.5x0.5", "name": "bagss", "productpriceEuro": 121, "productpriceDollar": 112, "productpriceSterling": 12, "productpriceDirham": 2, "productpriceSar": 21, "created_date": "2022-01-26T05:03:46.543Z", "stock": 12}}, {"model": "apis.products", "pk": 107, "fields": {"subsubcategory": 32, "brand": 2, "order": 6, "image": "Products/a3090pnv01-30-a3090pnv01-hand-held-bag-fastrack-28-original-imag9bnhtn3tupmg.jpeg", "image_ppoi": "0.5x0.5", "name": "Product", "productpriceEuro": 34, "productpriceDollar": 34, "productpriceSterling": 43, "productpriceDirham": 3, "productpriceSar": 43, "created_date": "2022-01-26T05:05:19.665Z", "stock": 43}}, {"model": "apis.products", "pk": 108, "fields": {"subsubcategory": 32, "brand": 2, "order": 7, "image": "Products/vwbggrgff000619-39-vwbggrgff000619-hand-held-bag-van-heusen-30-original-imag9b_stpCW4q.jpeg", "image_ppoi": "0.5x0.5", "name": "Product 7", "productpriceEuro": 24, "productpriceDollar": 34, "productpriceSterling": 43, "productpriceDirham": 43, "productpriceSar": 43, "created_date": "2022-01-26T05:06:33.064Z", "stock": 34}}, {"model": "apis.products", "pk": 109, "fields": {"subsubcategory": 32, "brand": 2, "order": 12, "image": "Products/women-beige-hand-held-bag-43-ahbgfrgbp80110-hand-held-bag-allen-original-imaga_wryQMLt.jpeg", "image_ppoi": "0.5x0.5", "name": "Product Name", "productpriceEuro": 21, "productpriceDollar": 21, "productpriceSterling": 21, "productpriceDirham": 12, "productpriceSar": 12, "created_date": "2022-01-26T05:08:56.674Z", "stock": 21}}, {"model": "apis.products", "pk": 110, "fields": {"subsubcategory": 30, "brand": 1, "order": 21, "image": "", "image_ppoi": "0.5x0.5", "name": "Product", "productpriceEuro": 21, "productpriceDollar": 12, "productpriceSterling": 21, "productpriceDirham": 12, "productpriceSar": 2, "created_date": "2022-01-26T05:13:43.659Z", "stock": 21}}, {"model": "apis.products", "pk": 111, "fields": {"subsubcategory": 32, "brand": 2, "order": 1, "image": "Products/3xl-t312-blrdwh-eyebogler-original-imafzs5kmgcytfsv.jpeg", "image_ppoi": "0.5x0.5", "name": "Product", "productpriceEuro": 21, "productpriceDollar": 12, "productpriceSterling": 21, "productpriceDirham": 21, "productpriceSar": 21, "created_date": "2022-01-26T05:15:20.932Z", "stock": 21}}, {"model": "apis.products", "pk": 112, "fields": {"subsubcategory": 43, "brand": 1, "order": 2, "image": "Products/9-237120-10-skechers-tpmt-original-imagau3ghegymuya.jpeg", "image_ppoi": "0.5x0.5", "name": "Product 1", "productpriceEuro": 21, "productpriceDollar": 21, "productpriceSterling": 12, "productpriceDirham": 12, "productpriceSar": 12, "created_date": "2022-01-26T05:16:51.153Z", "stock": 12}}, {"model": "apis.products", "pk": 113, "fields": {"subsubcategory": 41, "brand": 1, "order": 12, "image": "Products/221-tan-deals4you-tan-original-imafw9jupz84htxf.jpeg", "image_ppoi": "0.5x0.5", "name": "Product N", "productpriceEuro": 12, "productpriceDollar": 12, "productpriceSterling": 12, "productpriceDirham": 12, "productpriceSar": 12, "created_date": "2022-01-26T05:18:01.696Z", "stock": 12}}, {"model": "apis.products", "pk": 114, "fields": {"subsubcategory": 43, "brand": 2, "order": 4, "image": "Products/9-237120-10-skechers-tpmt-original-imagau3ghegymuya_3mBkEn8.jpeg", "image_ppoi": "0.5x0.5", "name": "Product Name1", "productpriceEuro": 21, "productpriceDollar": 32, "productpriceSterling": 3, "productpriceDirham": 3, "productpriceSar": 23, "created_date": "2022-01-26T05:18:41.289Z", "stock": 3}}, {"model": "apis.products", "pk": 115, "fields": {"subsubcategory": 32, "brand": 1, "order": 11, "image": "Products/-original-imagaafwf7c49ua7.jpeg", "image_ppoi": "0.5x0.5", "name": "Product Name2", "productpriceEuro": 12, "productpriceDollar": 12, "productpriceSterling": 12, "productpriceDirham": 12, "productpriceSar": 2, "created_date": "2022-01-26T05:20:06.950Z", "stock": 12}}, {"model": "apis.options", "pk": 11, "fields": {"product": 59, "order": 1, "image_one": "Options/30-hltr003912-highlander-original-imafpchthng5dutz.jpeg", "image_one_ppoi": "0.5x0.5", "image_two": "Options/30-hltr003912-highlander-original-imafpcht5hset5wr.jpeg", "image_two_ppoi": "0.5x0.5", "image_three": "Options/30-hltr003912-highlander-original-imafpchtb5yrzkm7.jpeg", "image_three_ppoi": "0.5x0.5", "color": "green", "colorhash": "#599b7f", "stock": 20}}, {"model": "apis.options", "pk": 12, "fields": {"product": 60, "order": 1, "image_one": "Options/xl-mens-track-vebnor-original-imafxs4mnzayj3dx.jpeg", "image_one_ppoi": "0.5x0.5", "image_two": "Options/xl-mens-track-vebnor-original-imafwq56fsgswzwm.jpeg", "image_two_ppoi": "0.5x0.5", "image_three": "Options/l-mens-track-vebnor-original-imafxs4mye4dyvg9.jpeg", "image_three_ppoi": "0.5x0.5", "color": "BLACK", "colorhash": "#000000", "stock": 23}}, {"model": "apis.options", "pk": 14, "fields": {"product": 62, "order": 1, "image_one": "Options/l-hlsh008851-highlander-original-imafwyf2dpqbwzhc.jpeg", "image_one_ppoi": "0.5x0.5", "image_two": "Options/m-hlsh008851-highlander-original-imafpchq86afkhyv.jpeg", "image_two_ppoi": "0.5x0.5", "image_three": "Options/m-hlsh008851-highlander-original-imafpchqavmxxqr2.jpeg", "image_three_ppoi": "0.5x0.5", "color": "white", "colorhash": "#ebe6e6", "stock": 50}}, {"model": "apis.options", "pk": 15, "fields": {"product": 63, "order": 1, "image_one": "Options/xxl-black-xxl-indianos-original-imag9frgmfwy4yhj.jpeg", "image_one_ppoi": "0.5x0.5", "image_two": "Options/xxl-black-xxl-indianos-original-imag9frg2n2esbwy.jpeg", "image_two_ppoi": "0.5x0.5", "image_three": "Options/xxl-black-xxl-indianos-original-imag9frgsydggztp.jpeg", "image_three_ppoi": "0.5x0.5", "color": "BLACK", "colorhash": "#000000", "stock": 30}}, {"model": "apis.options", "pk": 16, "fields": {"product": 64, "order": 1, "image_one": "Options/m-t305-as10yldnwh-seven-rocks-original-imafz2qfvx7tznnn.jpeg", "image_one_ppoi": "0.5x0.5", "image_two": "Options/xl-t305-as10yldnwh-seven-rocks-original-imafzhyn3krvwqf7.jpeg", "image_two_ppoi": "0.5x0.5", "image_three": "Options/xl-t305-as10yldnwh-seven-rocks-original-imafzhynyngbuwts.jpeg", "image_three_ppoi": "0.5x0.5", "color": "yellow", "colorhash": "#ece627", "stock": 24}}, {"model": "apis.options", "pk": 17, "fields": {"product": 65, "order": 1, "image_one": "Options/l-kporgfk02456-allen-solly-original-imafh3ura3rnyk3y.jpeg", "image_one_ppoi": "0.5x0.5", "image_two": "Options/l-kporgfk02456-allen-solly-original-imafh3urcdw5vsz4.jpeg", "image_two_ppoi": "0.5x0.5", "image_three": "Options/l-kporgfk02456-allen-solly-original-imafh3urxdchdrxp.jpeg", "image_three_ppoi": "0.5x0.5", "color": "green", "colorhash": "#56e1be", "stock": 12}}, {"model": "apis.options", "pk": 18, "fields": {"product": 66, "order": 1, "image_one": "Options/free-lightbluesarnn-silk-saree-pure-cotton-sarees-for-summer-original-imag2cpdgfkqh5gy.jpeg", "image_one_ppoi": "0.5x0.5", "image_two": "Options/free-silver-butta-mr-creation-unstitched-original-imag2cgbgcphjzxv.jpeg", "image_two_ppoi": "0.5x0.5", "image_three": "Options/free-silver-butta-mr-creation-unstitched-original-imag2cgbgdxrkbby.jpeg", "image_three_ppoi": "0.5x0.5", "color": "blue", "colorhash": "#37cfd2", "stock": 23}}, {"model": "apis.options", "pk": 21, "fields": {"product": 68, "order": 1, "image_one": "Options/f2-yetnik-original-imafmfgsgarb264u.jpeg", "image_one_ppoi": "0.5x0.5", "image_two": "Options/f2-yetnik-original-imafmfgsghvgaqfv.jpeg", "image_two_ppoi": "0.5x0.5", "image_three": "Options/f2-yetnik-original-imafmfgsjtkmehvy.jpeg", "image_three_ppoi": "0.5x0.5", "color": "blue", "colorhash": "#061f9d", "stock": 12}}, {"model": "apis.options", "pk": 22, "fields": {"product": 69, "order": 1, "image_one": "Options/yes-2-35-m-unstitched-2-2-m-agr-10015-pisara-original-imag6yyhuzhtd5xy.jpeg", "image_one_ppoi": "0.5x0.5", "image_two": "Options/yes-2-35-m-unstitched-2-2-m-agr-10015-pisara-original-imag6yyhk3ttmgdb.jpeg", "image_two_ppoi": "0.5x0.5", "image_three": "Options/yes-2-35-m-unstitched-2-2-m-agr-10015-pisara-original-imag6yyhkrtuht5h.jpeg", "image_three_ppoi": "0.5x0.5", "color": "green", "colorhash": "#01b77a", "stock": 45}}, {"model": "apis.options", "pk": 23, "fields": {"product": 70, "order": 1, "image_one": "Options/free-best-stylish-bollywood-fashion-style-by-best-designer-original-imafw7gtkedcgnbn.jpeg", "image_one_ppoi": "0.5x0.5", "image_two": "Options/free-best-stylish-bollywood-fashion-style-by-best-designer-original-imafw7gtfzmqr4t6.jpeg", "image_two_ppoi": "0.5x0.5", "image_three": "Options/free-best-stylish-bollywood-fashion-style-by-best-designer-original-imafw7gtsgkhymzy.jpeg", "image_three_ppoi": "0.5x0.5", "color": "orange", "colorhash": "#f37e12", "stock": 123}}, {"model": "apis.options", "pk": 24, "fields": {"product": 71, "order": 1, "image_one": "Options/adjustable-1-r047-ring-giva-original-imag6xvyyjnz4c6g.jpeg", "image_one_ppoi": "0.5x0.5", "image_two": "Options/adjustable-1-r047-ring-giva-original-imag6xvyyxrgqbbw.jpeg", "image_two_ppoi": "0.5x0.5", "image_three": "Options/adjustable-1-r047-ring-giva-original-imag6xvydaxzvtjz.jpeg", "image_three_ppoi": "0.5x0.5", "color": "silver", "colorhash": "#ada9a9", "stock": 12}}, {"model": "apis.options", "pk": 25, "fields": {"product": 72, "order": 1, "image_one": "Options/free-free-na-1-sohbrc8090-sohi-original-imag9s3jmgqdvm2j.jpeg", "image_one_ppoi": "0.5x0.5", "image_two": "Options/free-free-na-1-sohbrc8090-sohi-original-imag9s3jvq6gxdz3.jpeg", "image_two_ppoi": "0.5x0.5", "image_three": "Options/free-free-na-1-sohbrc8090-sohi-original-imag9s3jvg5p2vgt.jpeg", "image_three_ppoi": "0.5x0.5", "color": "gold", "colorhash": "#dbae61", "stock": 12}}, {"model": "apis.options", "pk": 27, "fields": {"product": 76, "order": 1, "image_one": "Options/free-4-baby-knee-pads-for-crawling-anti-slip-padded-stretchable-original-imag3h_beQSzXo.jpeg", "image_one_ppoi": "0.5x0.5", "image_two": "Options/baby-knee-pads-for-crawling-1-r-d-enterprise-original-imafmkdzgzggmmzd.jpeg", "image_two_ppoi": "0.5x0.5", "image_three": "Options/baby-knee-and-elbow-protector-for-crawling-anti-slip-padded-original-imagypxkuh7azpju.jpeg", "image_three_ppoi": "0.5x0.5", "color": "blue", "colorhash": "#71d2ea", "stock": 15}}, {"model": "apis.options", "pk": 28, "fields": {"product": 77, "order": 1, "image_one": "Options/11-12-years-mdress-ftc-fashions-original-imag4qtpghuxnuyx.jpeg", "image_one_ppoi": "0.5x0.5", "image_two": "Options/4-5-years-mdress-ftc-fashions-original-imag4qtpdsb3hzjf.jpeg", "image_two_ppoi": "0.5x0.5", "image_three": "Options/8-9-years-mdress-ftc-fashions-original-imag4qtpggjzzm77.jpeg", "image_three_ppoi": "0.5x0.5", "color": "white", "colorhash": "#dcdbdb", "stock": 50}}, {"model": "apis.options", "pk": 29, "fields": {"product": 78, "order": 1, "image_one": "Options/big-and-mean-rock-crawling-1-20-scale-modified-off-road-hummer-original-imafm62_NF44hDO.jpeg", "image_one_ppoi": "0.5x0.5", "image_two": "Options/big-and-mean-rock-crawling-1-20-scale-modified-off-road-hummer-original-imafgrp_29Nzcpi.jpeg", "image_two_ppoi": "0.5x0.5", "image_three": "Options/360-degree-twisting-remote-control-car-general-original-imafttztyxgegyqs.jpeg", "image_three_ppoi": "0.5x0.5", "color": "blue", "colorhash": "#023b97", "stock": 12}}, {"model": "apis.options", "pk": 30, "fields": {"product": 79, "order": 1, "image_one": "Options/basket-ball-kit-for-kids-playing-indoor-outdoor-basket-ball-original-imag8q8zwhzxgja2.jpeg", "image_one_ppoi": "0.5x0.5", "image_two": "Options/basket-ball-kit-for-kids-playing-indoor-outdoor-basket-ball-original-imag8q8zsqedc6wu.jpeg", "image_two_ppoi": "0.5x0.5", "image_three": "Options/playing-indoor-outdoor-basket-ball-hanging-board-nxi-original-imag8qghdydj24ah.jpeg", "image_three_ppoi": "0.5x0.5", "color": "BLACK", "colorhash": "#000000", "stock": 12}}, {"model": "apis.options", "pk": 31, "fields": {"product": 80, "order": 1, "image_one": "Options/baby-diaper-pants-2-x-48-pcs-l-96-little-angel-original-imafu63w4xshhmpm.jpeg", "image_one_ppoi": "0.5x0.5", "image_two": "Options/baby-diaper-pants-l-6-little-angel-original-imafg4vshtgxuzkt.jpeg", "image_two_ppoi": "0.5x0.5", "image_three": "Options/baby-diaper-pants-l-34-little-angel-original-imag6vkzwbgzxany.jpeg", "image_three_ppoi": "0.5x0.5", "color": "green", "colorhash": "#7be821", "stock": 23}}, {"model": "apis.options", "pk": 32, "fields": {"product": 81, "order": 1, "image_one": "Options/kids-oral-b-extra-soft-original-imag489wgzumyhex.jpeg", "image_one_ppoi": "0.5x0.5", "image_two": "Options/kids-oral-b-extra-soft-original-imag489wcxs9snm6.jpeg", "image_two_ppoi": "0.5x0.5", "image_three": "Options/kids-oral-b-extra-soft-original-imag489wztmrqakg.jpeg", "image_three_ppoi": "0.5x0.5", "color": "blue", "colorhash": "#24adb7", "stock": 13}}, {"model": "apis.options", "pk": 33, "fields": {"product": 82, "order": 1, "image_one": "Options/hair-accessories-hair-styling-tools-bun-maker-combo-offer-with-original-imafzmf_d2FRuyM.jpeg", "image_one_ppoi": "0.5x0.5", "image_two": "Options/hair-accessories-hair-styling-tools-bun-maker-combo-offer-with-original-imafzmf_ch0GkWU.jpeg", "image_two_ppoi": "0.5x0.5", "image_three": "Options/ponytail-hair-bun-maker-4-pcs-hair-bumpits-bun-puff-maker-4-pcs-original-imafzm_l0SJIVK.jpeg", "image_three_ppoi": "0.5x0.5", "color": "blue", "colorhash": "#000000", "stock": 12}}, {"model": "apis.options", "pk": 34, "fields": {"product": 83, "order": 1, "image_one": "Options/beautiful-white-pearl-hair-jewelry-bridal-hair-pin-juda-pins-12-original-imafku_T66JRNZ.jpeg", "image_one_ppoi": "0.5x0.5", "image_two": "Options/beautiful-white-pearl-hair-jewelry-bridal-hair-pin-juda-pins-12-original-imafku_xedMKc4.jpeg", "image_two_ppoi": "0.5x0.5", "image_three": "Options/beautiful-white-pearl-hair-jewelry-bridal-hair-pin-juda-pins-12-original-imafku_Ric59oo.jpeg", "image_three_ppoi": "0.5x0.5", "color": "white", "colorhash": "#f2e8e8", "stock": 20}}, {"model": "apis.options", "pk": 35, "fields": {"product": 84, "order": 1, "image_one": "Options/6044-d-divine-original-imafv5ukszsgzjzg.jpeg", "image_one_ppoi": "0.5x0.5", "image_two": "Options/women-long-hair-wig-women-nudes-original-imafyaufrj7see8c.jpeg", "image_two_ppoi": "0.5x0.5", "image_three": "Options/women-long-hair-wig-women-nudes-original-imafyaufwhh5b7yj.jpeg", "image_three_ppoi": "0.5x0.5", "color": "BLACK", "colorhash": "#000000", "stock": 12}}, {"model": "apis.options", "pk": 36, "fields": {"product": 85, "order": 1, "image_one": "Options/nsdn-rapidsflow-original-imafhgf5dtwkhfs6.jpeg", "image_one_ppoi": "0.5x0.5", "image_two": "Options/nsdn-rapidsflow-original-imafhgf5gmydgwf6.jpeg", "image_two_ppoi": "0.5x0.5", "image_three": "Options/5822-paradise-original-imafhgf5djbfdt6g.jpeg", "image_three_ppoi": "0.5x0.5", "color": "blue", "colorhash": "#5e71ba", "stock": 15}}, {"model": "apis.options", "pk": 37, "fields": {"product": 86, "order": 1, "image_one": "Options/hair-growth-vitalizer-100ml-anti-hair-fall-shampoo-250ml-original-imag2b99y6bn3vmy.jpeg", "image_one_ppoi": "0.5x0.5", "image_two": "Options/ayurvedic-hair-oil-200ml-anti-hair-fall-shampoo-250ml-us19033012-original-imag2_QwtIwz4.jpeg", "image_two_ppoi": "0.5x0.5", "image_three": "Options/anti-hair-fall-shampoo-with-apple-cider-vinegar-ustraa-original-imag2gsggryfq6he.jpeg", "image_three_ppoi": "0.5x0.5", "color": "BLACK", "colorhash": "#000000", "stock": 12}}, {"model": "apis.options", "pk": 38, "fields": {"product": 87, "order": 1, "image_one": "Options/28-kctr-5555-grey-fubar-original-imag2jfjzqndpegz.jpeg", "image_one_ppoi": "0.5x0.5", "image_two": "Options/28-kctr-5555-grey-fubar-original-imag2jfjzgekeyuu.jpeg", "image_two_ppoi": "0.5x0.5", "image_three": "Options/28-kctr-5555-grey-fubar-original-imag2jfjbmcxpznp.jpeg", "image_three_ppoi": "0.5x0.5", "color": "green", "colorhash": "#464b45", "stock": 12}}, {"model": "apis.options", "pk": 39, "fields": {"product": 87, "order": 2, "image_one": "Options/38-kctr-5555-cho-fubar-original-imag829qsx8jr3bv.jpeg", "image_one_ppoi": "0.5x0.5", "image_two": "Options/38-kctr-5555-cho-fubar-original-imag829qp4y5wvyf.jpeg", "image_two_ppoi": "0.5x0.5", "image_three": "Options/38-kctr-5555-cho-fubar-original-imag829qqhkfkphh.jpeg", "image_three_ppoi": "0.5x0.5", "color": "BROWN", "colorhash": "#442f2e", "stock": 12}}, {"model": "apis.options", "pk": 40, "fields": {"product": 87, "order": 3, "image_one": "Options/28-kctr-5555-crm-fubar-original-imafp2j6pdqymytg.jpeg", "image_one_ppoi": "0.5x0.5", "image_two": "Options/30-kctr-5555-crm-fubar-original-imafp2j6abejdbjg.jpeg", "image_two_ppoi": "0.5x0.5", "image_three": "Options/30-kctr-5555-crm-fubar-original-imafp2j62vgzbvby.jpeg", "image_three_ppoi": "0.5x0.5", "color": "white", "colorhash": "#e4dddf", "stock": 12}}, {"model": "apis.options", "pk": 41, "fields": {"product": 87, "order": 4, "image_one": "Options/30-kctr-5555-nb-fubar-original-imafwyf6kagdfxvv.jpeg", "image_one_ppoi": "0.5x0.5", "image_two": "Options/28-kctr-5555-nb-fubar-original-imafp2j6pgjz3bng.jpeg", "image_two_ppoi": "0.5x0.5", "image_three": "Options/30-kctr-5555-nb-fubar-original-imafp2j6j2ghqueh.jpeg", "image_three_ppoi": "0.5x0.5", "color": "blue", "colorhash": "#16172d", "stock": 12}}, {"model": "apis.options", "pk": 42, "fields": {"product": 88, "order": 1, "image_one": "Options/s-black-5-jai-textiles-original-imag42m5ehzt3paz.jpeg", "image_one_ppoi": "0.5x0.5", "image_two": "Options/s-black-5-jai-textiles-original-imag42m5hcfue7np_vfzktye.jpeg", "image_two_ppoi": "0.5x0.5", "image_three": "Options/xl-plain4-neelkanth-enterprise-original-imag3smsbfwyd5er_TauALVa.jpeg", "image_three_ppoi": "0.5x0.5", "color": "BLACK", "colorhash": "#000000", "stock": null}}, {"model": "apis.options", "pk": 43, "fields": {"product": 88, "order": 2, "image_one": "Options/l-new-dblue-1-u-turn-original-imag4g5hn2vhhstb.jpeg", "image_one_ppoi": "0.5x0.5", "image_two": "Options/m-new-darkblue-u-turn-original-imag4cmchqvetkfh.jpeg", "image_two_ppoi": "0.5x0.5", "image_three": "Options/m-new-darkblue-u-turn-original-imag4cmcdadbwbzx.jpeg", "image_three_ppoi": "0.5x0.5", "color": "blue", "colorhash": "#303753", "stock": null}}, {"model": "apis.options", "pk": 44, "fields": {"product": 88, "order": 3, "image_one": "Options/s-mustard-5-jai-textiles-original-imag5zhhzhtgdryr.jpeg", "image_one_ppoi": "0.5x0.5", "image_two": "Options/s-mustard-5-jai-textiles-original-imag5zhhymcg4e9v.jpeg", "image_two_ppoi": "0.5x0.5", "image_three": "Options/s-mustard-5-jai-textiles-original-imag5zhhus4wkzfe.jpeg", "image_three_ppoi": "0.5x0.5", "color": "mustard", "colorhash": "#c7b976", "stock": null}}, {"model": "apis.options", "pk": 46, "fields": {"product": 88, "order": 5, "image_one": "Options/m-maroon-5-jai-textiles-original-imag5efnsgazx4xh.jpeg", "image_one_ppoi": "0.5x0.5", "image_two": "Options/m-maroon-5-jai-textiles-original-imag5efnjxs6bmhp.jpeg", "image_two_ppoi": "0.5x0.5", "image_three": "Options/m-maroon-5-jai-textiles-original-imag5efn3ekdfzyx.jpeg", "image_three_ppoi": "0.5x0.5", "color": "red", "colorhash": "#702d3f", "stock": null}}, {"model": "apis.options", "pk": 47, "fields": {"product": 88, "order": 6, "image_one": "Options/s-grey-5-jai-textiles-original-imag6fw2hbmdckuu.jpeg", "image_one_ppoi": "0.5x0.5", "image_two": "Options/s-grey-5-jai-textiles-original-imag6fw2hhbztdzk.jpeg", "image_two_ppoi": "0.5x0.5", "image_three": "Options/s-grey-5-jai-textiles-original-imag6fw2eggzqxgy.jpeg", "image_three_ppoi": "0.5x0.5", "color": "gray", "colorhash": "#748fa0", "stock": null}}, {"model": "apis.options", "pk": 48, "fields": {"product": 89, "order": 1, "image_one": "Options/free-1628sh21602-saara-unstitched-original-imafwftysy9bewec.jpeg", "image_one_ppoi": "0.5x0.5", "image_two": "Options/free-1628sh21602-saara-unstitched-original-imafwftybzhhgchm.jpeg", "image_two_ppoi": "0.5x0.5", "image_three": "Options/free-1628sh21602-saara-unstitched-original-imafwfty9hyezn6z.jpeg", "image_three_ppoi": "0.5x0.5", "color": "multicolor1", "colorhash": "#3d2330", "stock": null}}, {"model": "apis.options", "pk": 49, "fields": {"product": 90, "order": 1, "image_one": "Options/springw-7-luxury-fashion-white-original-imafthnqp4jyw3gp.jpeg", "image_one_ppoi": "0.5x0.5", "image_two": "Options/7-casual-shoes-luxury-fashion-white-original-imag3sm2myzyjtgd.jpeg", "image_two_ppoi": "0.5x0.5", "image_three": "Options/springw-8-luxury-fashion-white-original-imaftkjrmpytfhtm.jpeg", "image_three_ppoi": "0.5x0.5", "color": "white", "colorhash": "#ffffff", "stock": null}}, {"model": "apis.options", "pk": 50, "fields": {"product": 91, "order": 1, "image_one": "Options/8-3800-loffer-t-rock-black-original-imag6mwqfhcynukr.jpeg", "image_one_ppoi": "0.5x0.5", "image_two": "Options/8-380-blck-t-rock-black-original-imag4vmvdzhtm6rz.jpeg", "image_two_ppoi": "0.5x0.5", "image_three": "Options/8-380-blck-t-rock-black-original-imag4vmvgzk3qykq.jpeg", "image_three_ppoi": "0.5x0.5", "color": "BLACK", "colorhash": "#000000", "stock": null}}, {"model": "apis.options", "pk": 51, "fields": {"product": 92, "order": 1, "image_one": "Options/xxl-c301-black-dennis-lingo-original-imafw2gg2n7ygpwv.jpeg", "image_one_ppoi": "0.5x0.5", "image_two": "Options/l-c301-black-dennis-lingo-original-imafgeu6xaguz235.jpeg", "image_two_ppoi": "0.5x0.5", "image_three": "Options/l-c301-black-dennis-lingo-original-imafgeu63udtysyd.jpeg", "image_three_ppoi": "0.5x0.5", "color": "BLACK", "colorhash": "#000000", "stock": null}}, {"model": "apis.options", "pk": 52, "fields": {"product": 93, "order": 1, "image_one": "Options/l-tsrt-302-reya-original-imafyrjpruzeac5f.jpeg", "image_one_ppoi": "0.5x0.5", "image_two": "Options/l-tsrt-302-l-reya-original-imafvnebjrjtea4d.jpeg", "image_two_ppoi": "0.5x0.5", "image_three": "Options/xxl-tsrt-302-xxl-reya-original-imafuugg2zm4yv9h.jpeg", "image_three_ppoi": "0.5x0.5", "color": "BLACK", "colorhash": "#000000", "stock": null}}, {"model": "apis.options", "pk": 53, "fields": {"product": 94, "order": 1, "image_one": "Options/l-togo-try-this-original-imafvvbgytpenkkg.jpeg", "image_one_ppoi": "0.5x0.5", "image_two": "Options/l-togo-try-this-original-imafvvbgmdhtpecp.jpeg", "image_two_ppoi": "0.5x0.5", "image_three": "Options/l-togo-try-this-original-imafe3dfhyawtheg.jpeg", "image_three_ppoi": "0.5x0.5", "color": "BLACK", "colorhash": "#000000", "stock": null}}, {"model": "apis.options", "pk": 54, "fields": {"product": 91, "order": 2, "image_one": "Options/8-380-blck-t-rock-black-original-imag4vmvdzhtm6rz_ObYb1rg.jpeg", "image_one_ppoi": "0.5x0.5", "image_two": "Options/8-380-blck-t-rock-black-original-imag4vmvgzk3qykq_xsG0RJ8.jpeg", "image_two_ppoi": "0.5x0.5", "image_three": "Options/8-3800-loffer-t-rock-black-original-imag6mwqfhcynukr_L3momUq.jpeg", "image_three_ppoi": "0.5x0.5", "color": "BROWN", "colorhash": "#000000", "stock": null}}, {"model": "apis.options", "pk": 55, "fields": {"product": 95, "order": 1, "image_one": "Options/6-387965-6-puma-white-victoria-blue-vibrant-orange-original-imaga6htaczfrdy8.jpeg", "image_one_ppoi": "0.5x0.5", "image_two": "Options/6-387965-6-puma-white-victoria-blue-vibrant-orange-original-imaga6htkngm7s6a.jpeg", "image_two_ppoi": "0.5x0.5", "image_three": "Options/6-387965-6-puma-white-victoria-blue-vibrant-orange-original-imaga6htnumzkamj.jpeg", "image_three_ppoi": "0.5x0.5", "color": "white", "colorhash": "#e8eff9", "stock": null}}, {"model": "apis.options", "pk": 57, "fields": {"product": 97, "order": 1, "image_one": "Options/8-9-years-ktb-singham-original-imagyv6vvzxquqp6.jpeg", "image_one_ppoi": "0.5x0.5", "image_two": "Options/s-bkt-try-this-original-imagyx4xhfqswvb4.jpeg", "image_two_ppoi": "0.5x0.5", "image_three": "Options/s-bkt-try-this-original-imagyx4xgufjztmg.jpeg", "image_three_ppoi": "0.5x0.5", "color": "white", "colorhash": "#171928", "stock": null}}, {"model": "apis.sizes", "pk": 1, "fields": {"option": 42, "size": "m", "stock": 10}}, {"model": "apis.sizes", "pk": 2, "fields": {"option": 42, "size": "s", "stock": 0}}, {"model": "apis.sizes", "pk": 3, "fields": {"option": 42, "size": "xl", "stock": 15}}, {"model": "apis.sizes", "pk": 4, "fields": {"option": 42, "size": "l", "stock": 13}}, {"model": "apis.sizes", "pk": 5, "fields": {"option": 43, "size": "s", "stock": 5}}, {"model": "apis.sizes", "pk": 6, "fields": {"option": 43, "size": "l", "stock": 9}}, {"model": "apis.sizes", "pk": 7, "fields": {"option": 43, "size": "m", "stock": 12}}, {"model": "apis.sizes", "pk": 8, "fields": {"option": 43, "size": "xxl", "stock": 5}}, {"model": "apis.sizes", "pk": 9, "fields": {"option": 43, "size": "xl", "stock": 10}}, {"model": "apis.sizes", "pk": 10, "fields": {"option": 44, "size": "m", "stock": 4}}, {"model": "apis.sizes", "pk": 11, "fields": {"option": 44, "size": "l", "stock": 15}}, {"model": "apis.sizes", "pk": 12, "fields": {"option": 44, "size": "xl", "stock": 12}}, {"model": "apis.sizes", "pk": 18, "fields": {"option": 46, "size": "s", "stock": 12}}, {"model": "apis.sizes", "pk": 19, "fields": {"option": 46, "size": "m", "stock": 32}}, {"model": "apis.sizes", "pk": 20, "fields": {"option": 46, "size": "l", "stock": 4}}, {"model": "apis.sizes", "pk": 21, "fields": {"option": 46, "size": "xl", "stock": 1}}, {"model": "apis.sizes", "pk": 22, "fields": {"option": 46, "size": "xxl", "stock": 5}}, {"model": "apis.sizes", "pk": 23, "fields": {"option": 47, "size": "s", "stock": 12}}, {"model": "apis.sizes", "pk": 24, "fields": {"option": 47, "size": "xl", "stock": 6}}, {"model": "apis.sizes", "pk": 25, "fields": {"option": 47, "size": "l", "stock": 26}}, {"model": "apis.sizes", "pk": 26, "fields": {"option": 47, "size": "m", "stock": 4}}, {"model": "apis.sizes", "pk": 27, "fields": {"option": 47, "size": "xxl", "stock": 2}}, {"model": "apis.sizes", "pk": 28, "fields": {"option": 48, "size": "s", "stock": 12}}, {"model": "apis.sizes", "pk": 29, "fields": {"option": 48, "size": "xl", "stock": 15}}, {"model": "apis.sizes", "pk": 30, "fields": {"option": 49, "size": "m", "stock": 13}}, {"model": "apis.sizes", "pk": 32, "fields": {"option": 51, "size": "m", "stock": 12}}, {"model": "apis.sizes", "pk": 33, "fields": {"option": 52, "size": "m", "stock": 12}}, {"model": "apis.sizes", "pk": 34, "fields": {"option": 53, "size": "s", "stock": 12}}, {"model": "apis.sizes", "pk": 35, "fields": {"option": 54, "size": "", "stock": null}}, {"model": "apis.sizes", "pk": 36, "fields": {"option": 50, "size": "9", "stock": 12}}, {"model": "apis.sizes", "pk": 37, "fields": {"option": 50, "size": "10", "stock": 1}}, {"model": "apis.sizes", "pk": 38, "fields": {"option": 50, "size": "8", "stock": 10}}, {"model": "apis.sizes", "pk": 39, "fields": {"option": 55, "size": "9", "stock": 17}}, {"model": "apis.sizes", "pk": 40, "fields": {"option": 55, "size": "8", "stock": 3}}, {"model": "apis.sizes", "pk": 41, "fields": {"option": 55, "size": "11", "stock": 10}}, {"model": "apis.sizes", "pk": 42, "fields": {"option": 55, "size": "10", "stock": 12}}, {"model": "apis.sizes", "pk": 47, "fields": {"option": 57, "size": "m", "stock": 12}}, {"model": "apis.sizes", "pk": 48, "fields": {"option": 57, "size": "s", "stock": 143}}, {"model": "apis.sizes", "pk": 49, "fields": {"option": 57, "size": "xl", "stock": 21}}, {"model": "apis.offer", "pk": 2, "fields": {"product": 88, "OfferEuro": 12, "OfferDollar": 12, "OfferSterling": 12, "OfferDirham": 12, "OfferSAR": 12, "endDate": "2022-01-21T05:31:17.882Z"}}, {"model": "apis.offer", "pk": 6, "fields": {"product": 92, "OfferEuro": 12, "OfferDollar": 12, "OfferSterling": 12, "OfferDirham": 12, "OfferSAR": 12, "endDate": "2022-01-21T05:31:58.081Z"}}, {"model": "apis.offer", "pk": 10, "fields": {"product": 96, "OfferEuro": 100, "OfferDollar": 90, "OfferSterling": 68, "OfferDirham": 86, "OfferSAR": 111, "endDate": "2022-01-22T12:21:30.471Z"}}, {"model": "apis.offer", "pk": 11, "fields": {"product": 97, "OfferEuro": 10, "OfferDollar": 11, "OfferSterling": 12, "OfferDirham": 20, "OfferSAR": 40, "endDate": "2022-01-23T16:15:13.042Z"}}, {"model": "apis.newcollection", "pk": 5, "fields": {"product": 97}}, {"model": "apis.newcollection", "pk": 6, "fields": {"product": 92}}, {"model": "apis.newcollection", "pk": 9, "fields": {"product": 111}}, {"model": "apis.newcollection", "pk": 11, "fields": {"product": 113}}, {"model": "apis.newcollection", "pk": 12, "fields": {"product": 114}}, {"model": "apis.wishlist", "pk": 125, "fields": {"user": 1, "product": 91, "date": "2022-02-03T08:36:36.941Z"}}, {"model": "apis.wishlist", "pk": 126, "fields": {"user": 1, "product": 90, "date": "2022-02-03T08:37:29.861Z"}}, {"model": "apis.wishlist", "pk": 127, "fields": {"user": 1, "product": 92, "date": "2022-02-03T08:48:36.650Z"}}, {"model": "apis.wishlist", "pk": 128, "fields": {"user": 1, "product": 58, "date": "2022-02-03T11:26:09.204Z"}}, {"model": "apis.cart", "pk": 73, "fields": {"user": 31, "product": 88, "size": null, "color": 42, "quantity": 1, "date": "2022-01-28T12:27:46.378Z", "is_placed": true}}, {"model": "apis.cart", "pk": 74, "fields": {"user": 31, "product": 88, "size": null, "color": 42, "quantity": 1, "date": "2022-01-28T12:29:04.786Z", "is_placed": true}}, {"model": "apis.cart", "pk": 77, "fields": {"user": 1, "product": 88, "size": 23, "color": 42, "quantity": 1, "date": "2022-01-29T10:23:15.583Z", "is_placed": true}}, {"model": "apis.cart", "pk": 78, "fields": {"user": 1, "product": 88, "size": 23, "color": 42, "quantity": 1, "date": "2022-01-29T10:24:39.370Z", "is_placed": true}}, {"model": "apis.cart", "pk": 79, "fields": {"user": 1, "product": 88, "size": 24, "color": 42, "quantity": 1, "date": "2022-01-29T10:29:36.240Z", "is_placed": true}}, {"model": "apis.cart", "pk": 80, "fields": {"user": 1, "product": 88, "size": 24, "color": 43, "quantity": 1, "date": "2022-01-29T10:49:26.656Z", "is_placed": true}}, {"model": "apis.cart", "pk": 81, "fields": {"user": 1, "product": 88, "size": 1, "color": 42, "quantity": 1, "date": "2022-01-29T10:54:33.533Z", "is_placed": true}}, {"model": "apis.cart", "pk": 82, "fields": {"user": 31, "product": 88, "size": null, "color": 42, "quantity": 1, "date": "2022-01-29T10:56:13.444Z", "is_placed": true}}, {"model": "apis.cart", "pk": 83, "fields": {"user": 31, "product": 88, "size": 6, "color": 42, "quantity": 1, "date": "2022-01-29T10:57:29.372Z", "is_placed": true}}, {"model": "apis.cart", "pk": 84, "fields": {"user": 1, "product": 88, "size": 24, "color": 43, "quantity": 1, "date": "2022-01-31T09:53:49.570Z", "is_placed": true}}, {"model": "apis.cart", "pk": 85, "fields": {"user": 1, "product": 59, "size": null, "color": 11, "quantity": 1, "date": "2022-01-31T09:53:49.577Z", "is_placed": true}}, {"model": "apis.cart", "pk": 87, "fields": {"user": 31, "product": 65, "size": null, "color": 17, "quantity": 1, "date": "2022-01-31T10:16:57.991Z", "is_placed": false}}, {"model": "apis.cart", "pk": 88, "fields": {"user": 1, "product": 88, "size": 23, "color": 42, "quantity": 1, "date": "2022-01-31T11:48:19.992Z", "is_placed": false}}, {"model": "apis.cart", "pk": 89, "fields": {"user": 1, "product": 88, "size": 24, "color": 44, "quantity": 1, "date": "2022-01-31T11:48:29.677Z", "is_placed": false}}, {"model": "apis.cart", "pk": 90, "fields": {"user": 31, "product": 88, "size": 24, "color": 43, "quantity": 1, "date": "2022-01-31T12:31:27.091Z", "is_placed": false}}, {"model": "apis.order", "pk": 92, "fields": {"product": 96, "selectedsize": null, "selectedcolor": null, "quantity": 1, "parentcart": null, "user": 1, "address": "pasukaranpatti", "city": "USILAMPATTI", "country": "India", "pincode": "625532", "firstName": "Murugan", "lastName": "C", "phone": "07339234152", "email": "muruganck4you@gmail.com", "stripe_payment_intent": "pi_1KNwiCEO5D3mjYe4051arqGu", "has_paid": true, "created_on": "2022-01-31T10:02:16.925Z", "updated_on": "2022-01-31T10:02:16.926Z", "status": "Ordered", "amount": 10000, "currency": "USD", "expected_delivery": null}}, {"model": "apis.order", "pk": 93, "fields": {"product": 65, "selectedsize": null, "selectedcolor": 17, "quantity": 1, "parentcart": 87, "user": 31, "address": "Vettuvedichalil", "city": "Malappuram", "country": "India", "pincode": "673645", "firstName": "Mubashir", "lastName": "V", "phone": "9656248731", "email": "mbshrcvr@gmail.com", "stripe_payment_intent": "pi_1KNz2eEO5D3mjYe4ZH98XzBJ", "has_paid": false, "created_on": "2022-01-31T12:31:33.164Z", "updated_on": "2022-01-31T12:31:33.164Z", "status": "Attempted", "amount": 1200, "currency": "EUR", "expected_delivery": null}}, {"model": "apis.order", "pk": 94, "fields": {"product": 88, "selectedsize": 24, "selectedcolor": 43, "quantity": 1, "parentcart": 90, "user": 31, "address": "Vettuvedichalil", "city": "Malappuram", "country": "India", "pincode": "673645", "firstName": "Mubashir", "lastName": "V", "phone": "9656248731", "email": "mbshrcvr@gmail.com", "stripe_payment_intent": "pi_1KNz2eEO5D3mjYe4ZH98XzBJ", "has_paid": false, "created_on": "2022-01-31T12:31:33.171Z", "updated_on": "2022-01-31T12:31:33.171Z", "status": "Attempted", "amount": 1200, "currency": "EUR", "expected_delivery": null}}, {"model": "apis.order", "pk": 95, "fields": {"product": 88, "selectedsize": 23, "selectedcolor": 42, "quantity": 1, "parentcart": 88, "user": 1, "address": "pasukaranpatti", "city": "USILAMPATTI", "country": "India", "pincode": "625532", "firstName": "Murugan", "lastName": "C", "phone": "07339234152", "email": "muruganck4you@gmail.com", "stripe_payment_intent": "pi_1KPMAqEO5D3mjYe4uZAifNVG", "has_paid": false, "created_on": "2022-02-04T07:25:41.033Z", "updated_on": "2022-02-04T07:25:41.033Z", "status": "Attempted", "amount": 1200, "currency": "EUR", "expected_delivery": null}}, {"model": "apis.order", "pk": 96, "fields": {"product": 88, "selectedsize": 24, "selectedcolor": 44, "quantity": 1, "parentcart": 89, "user": 1, "address": "pasukaranpatti", "city": "USILAMPATTI", "country": "India", "pincode": "625532", "firstName": "Murugan", "lastName": "C", "phone": "07339234152", "email": "muruganck4you@gmail.com", "stripe_payment_intent": "pi_1KPMAqEO5D3mjYe4uZAifNVG", "has_paid": false, "created_on": "2022-02-04T07:25:41.043Z", "updated_on": "2022-02-04T07:25:41.044Z", "status": "Attempted", "amount": 1200, "currency": "EUR", "expected_delivery": null}}, {"model": "apis.bottomproductdisplay", "pk": 8, "fields": {"product": 102}}, {"model": "apis.bottomproductdisplay", "pk": 11, "fields": {"product": 105}}, {"model": "apis.bottomproductdisplay", "pk": 12, "fields": {"product": 106}}, {"model": "apis.bottomproductdisplay", "pk": 14, "fields": {"product": 108}}, {"model": "apis.bottomproductdisplay", "pk": 15, "fields": {"product": 109}}, {"model": "apis.bottomproductdisplay", "pk": 16, "fields": {"product": 115}}]